ano,mes,dia1,dia2,dia3,dia4,dia5,dia6,dia7,dia8,dia9,dia10,dia11,dia12,dia13,dia14,dia15,dia16,dia17,dia18,dia19,dia20,dia21,dia22,dia23,dia24,dia25,dia26,dia27,dia28,dia29,dia30,dia31
1974,1,0.0,0.0,0.0,0.0,0.0,0.0,0.0,0.0,0.0,0.0,0.0,0.0,0.0,0.0,42.4,29.1,0.0,19.2,15.1,1.4,0.0,26.1,2.4,1.2,20.3,15.0,52.9,64.2,17.1,11.3,12.6
1974,2,51.5,26.8,18.0,1.1,26.9,0.2,6.2,7.5,2.6,0.0,7.5,0.0,4.6,14.2,0.0,0.0,1.4,0.8,0.9,0.1,0.0,11.9,0.0,1.8,0.0,9.6,17.0,0.8,0.0,0.0,0.0
1974,3,49.0,35.8,43.9,2.8,0.0,32.6,2.6,13.8,83.4,68.2,1.1,53.6,2.9,12.5,29.2,0.1,1.0,7.1,1.2,17.6,22.9,4.6,34.8,3.9,0.0,62.3,0.4,0.0,0.0,0.0,10.0
1974,4,2.7,1.9,37.2,33.4,0.1,4.4,36.0,3.0,7.7,65.7,2.1,3.0,7.3,2.2,2.7,50.5,42.4,1.8,0.0,0.2,36.4,25.6,5.6,37.6,14.0,30.4,46.2,99.4,7.5,1.0,0.0
1974,5,147.0,16.7,12.1,4.3,4.0,0.5,0.0,11.6,4.8,11.0,4.1,0.0,15.6,3.0,0.0,1.2,0.0,33.1,3.0,0.0,69.0,9.2,49.2,0.0,34.8,29.2,8.3,12.7,4.2,10.4,22.6
1974,6,0.5,90.2,0.0,0.3,0.0,0.7,5.4,0.2,0.5,0.0,5.2,0.0,0.0,0.8,36.2,20.6,3.4,0.4,24.0,0.2,1.3,11.2,1.0,0.3,0.0,11.0,0.0,0.4,0.0,7.8,0.0
1974,7,0.0,0.0,0.0,0.0,0.0,0.0,1.8,0.0,3.3,1.6,0.7,0.7,0.0,0.0,10.2,0.0,4.3,0.0,4.5,0.5,0.5,0.0,0.0,0.0,0.0,0.0,1.2,0.0,0.0,0.0,0.0
1974,8,0.0,24.6,0.0,0.0,0.0,0.0,0.0,0.3,0.0,0.0,0.6,0.0,0.0,0.0,0.0,0.0,0.0,0.0,0.0,0.3,0.0,0.0,0.0,0.0,0.0,1.8,5.0,0.0,0.7,1.2,0.0
1974,9,0.0,17.1,0.8,0.8,0.3,6.4,0.0,0.0,0.0,0.0,2.8,1.4,0.3,0.6,0.0,0.0,11.1,6.0,0.0,0.0,0.0,1.9,10.4,0.0,0.5,0.0,0.0,2.7,1.6,0.2,0.0
1974,10,2.2,0.0,0.0,1.0,5.7,3.6,0.0,0.0,0.4,6.4,0.5,0.0,0.3,0.0,0.0,0.8,0.1,0.0,0.0,0.0,0.2,0.2,0.2,0.0,0.0,0.0,0.0,1.5,0.0,0.0,0.0
1974,11,0.6,0.0,0.3,0.0,0.0,0.6,0.4,0.0,0.0,0.0,0.0,0.0,0.0,0.0,0.0,0.3,0.0,0.1,0.0,0.0,0.0,1.3,0.9,0.5,0.0,0.1,0.2,3.0,0.0,26.6,0.0
1974,12,0.6,0.5,0.0,0.0,6.8,19.4,0.9,0.0,0.0,0.0,2.0,0.0,0.0,1.2,0.0,0.3,2.8,0.0,0.4,1.2,1.0,0.4,1.4,1.0,0.7,23.8,0.0,5.0,0.2,0.0,4.8
1975,1,0.0,2.0,0.0,3.7,0.0,0.4,3.0,1.5,0.0,0.0,1.6,0.0,0.4,0.0,0.0,7.0,6.6,1.8,4.2,1.2,0.0,0.0,25.4,0.0,2.2,0.3,0.0,3.5,0.0,20.2,17.3
1975,2,0.0,0.0,15.4,0.7,1.0,0.0,0.0,0.0,3.5,0.0,0.0,0.0,1.1,3.3,33.2,15.2,0.4,1.8,1.0,0.9,0.0,45.0,12.0,0.0,0.2,0.6,5.0,0.0,0.0,0.0,0.0
1975,3,30.4,27.0,5.2,7.2,21.0,51.1,1.9,22.2,26.9,0.0,5.8,0.7,17.9,68.2,13.4,0.0,32.7,20.7,0.8,0.3,13.0,28.7,24.8,13.1,13.3,0.5,0.0,0.0,0.0,0.3,4.5
1975,4,17.4,1.3,2.0,18.6,1.2,0.0,0.4,0.0,0.0,0.0,0.5,4.7,1.8,1.1,40.7,21.4,9.9,7.8,12.4,19.0,36.6,14.5,6.7,23.0,0.2,0.0,5.7,4.0,10.5,3.0,0.0
1975,5,0.3,6.1,12.2,2.0,60.1,8.1,1.0,0.1,0.0,1.2,15.2,6.9,20.0,17.0,18.5,17.9,0.4,7.2,0.0,0.4,4.3,1.0,37.0,37.7,11.2,0.8,24.3,3.3,24.2,30.6,6.3
1975,6,7.6,1.4,1.1,0.0,0.0,0.0,0.0,0.0,0.1,0.0,0.4,13.3,17.3,0.2,5.3,0.2,17.1,14.2,3.2,0.0,7.4,14.7,0.9,6.3,5.1,3.6,17.9,5.6,3.8,3.5,0.0
1975,7,0.0,0.6,0.0,0.7,5.0,39.9,0.0,1.1,2.4,15.5,31.1,2.0,0.4,0.0,0.0,0.6,24.6,0.0,0.8,5.8,0.0,0.9,2.5,0.0,0.0,0.0,0.0,0.0,0.6,0.0,0.0
1975,8,0.0,0.0,1.6,0.5,0.0,0.0,0.0,0.0,0.0,0.0,0.0,0.0,0.0,0.0,0.0,0.0,1.2,0.0,0.0,1.0,0.0,0.0,0.1,0.4,1.8,0.3,0.0,0.4,0.0,1.4,0.0
1975,9,0.8,0.0,0.6,0.0,0.0,14.3,36.7,3.9,0.0,0.0,0.0,1.3,0.0,0.0,0.0,0.0,0.0,0.8,0.0,0.0,0.0,0.0,0.0,0.0,0.0,0.0,0.0,0.0,0.0,0.0,0.0
1975,10,0.0,0.0,0.0,0.0,19.7,0.0,2.8,0.9,0.0,0.0,0.0,0.0,0.0,0.0,0.0,0.0,0.0,0.0,0.0,0.0,0.0,0.2,0.0,0.0,0.3,0.0,0.0,0.0,0.0,0.4,0.3
1975,11,0.0,0.0,0.0,0.0,0.0,0.0,0.8,0.0,0.0,0.0,0.0,0.2,0.0,0.0,0.1,4.0,0.0,0.2,0.0,1.1,0.1,0.0,0.0,0.0,0.4,0.0,0.1,5.6,0.0,0.0,0.0
1975,12,0.1,0.0,3.1,11.1,0.7,25.8,6.0,7.2,0.0,0.9,3.7,9.1,0.0,1.2,0.0,0.0,0.0,0.4,0.0,6.8,0.0,0.0,0.0,0.4,0.0,0.0,0.2,6.9,0.5,0.0,6.3
1976,1,0.1,3.3,0.0,0.0,0.0,0.0,0.0,0.0,0.5,0.6,0.0,0.0,0.0,0.0,2.2,0.2,1.4,0.0,1.1,0.7,6.3,0.0,0.0,0.0,2.0,0.0,0.9,0.0,0.0,0.0,44.2
1976,2,0.3,0.0,0.0,2.3,0.3,0.0,5.2,0.2,0.6,10.2,6.4,1.1,39.1,14.9,0.0,4.4,5.2,61.0,3.9,0.5,17.3,49.1,39.7,28.5,14.1,0.0,0.2,0.2,0.0,0.0,0.0
1976,3,0.0,0.0,0.0,28.7,64.0,15.6,7.3,43.6,3.6,15.3,8.5,18.9,6.5,9.2,16.2,3.2,1.9,2.1,0.0,0.7,0.0,9.0,12.8,0.0,25.5,12.5,4.7,15.2,0.6,24.5,3.4
1976,4,1.0,0.0,0.0,0.0,0.5,38.4,17.9,5.6,5.0,50.0,0.2,0.7,2.2,29.2,85.5,16.2,1.3,0.4,5.7,78.0,0.6,11.6,6.5,5.3,15.1,1.4,0.0,3.1,3.3,0.7,0.0
1976,5,0.7,0.0,0.3,19.2,0.0,2.7,0.1,0.0,7.3,0.0,0.0,0.0,0.0,0.0,0.0,2.0,0.0,0.0,3.9,0.0,0.0,0.4,16.9,0.4,0.0,5.5,3.1,67.4,1.3,0.6,0.9
1976,6,0.8,0.0,0.0,0.0,0.0,0.0,0.2,16.8,0.0,0.0,0.0,0.0,0.4,16.4,2.6,20.6,4.9,0.0,0.0,18.0,0.1,0.0,7.4,0.0,0.0,0.0,0.5,1.1,0.0,0.0,0.0
1976,7,2.0,0.2,0.0,0.0,2.0,52.4,0.0,0.0,0.5,0.0,0.3,0.0,0.0,0.0,0.0,0.0,0.0,0.0,0.0,0.0,0.0,0.0,0.0,0.0,0.0,0.5,0.0,0.0,8.8,3.8,2.8
1976,8,0.0,0.0,0.0,0.0,0.0,0.0,0.0,0.0,0.0,0.0,0.3,0.0,1.5,0.0,0.0,0.0,0.2,0.0,0.0,0.3,0.0,0.3,21.6,3.4,0.0,0.0,0.0,0.1,0.0,1.0,0.0
1976,9,0.0,0.0,0.0,1.7,0.0,0.1,0.0,0.0,0.0,0.0,0.0,0.0,0.0,0.2,0.0,0.0,0.0,0.0,0.0,0.0,0.4,0.0,0.0,0.0,0.8,0.2,0.0,0.0,0.0,0.0,0.0
1976,10,0.0,0.0,0.1,0.0,0.0,0.4,4.4,0.0,0.0,0.0,1.2,0.0,0.0,0.0,1.8,1.2,0.0,0.7,0.2,0.0,0.0,0.0,0.0,0.8,0.0,0.0,0.0,1.5,1.6,0.0,0.0
1976,11,0.0,0.0,0.0,0.0,0.0,0.0,0.0,0.0,0.4,0.0,0.0,0.0,0.3,1.6,1.0,0.0,0.0,0.0,0.0,13.6,2.4,0.0,0.0,1.1,0.2,0.1,0.0,1.8,0.0,0.0,0.0
1976,12,0.0,0.0,0.0,0.0,0.0,0.0,0.0,0.0,0.0,0.0,0.0,0.0,0.0,0.0,0.0,1.4,0.0,0.0,0.0,4.9,3.9,0.0,0.0,0.0,0.6,0.0,0.0,0.0,3.2,0.0,4.4
1977,1,0.5,0.2,1.3,1.1,0.0,0.3,0.3,1.2,1.0,11.6,0.3,0.0,0.0,14.2,2.6,6.3,2.3,0.0,0.0,0.0,59.0,5.2,34.0,0.0,0.0,7.8,79.3,0.0,11.7,0.0,0.6
1977,2,22.0,0.0,0.0,2.8,25.9,29.2,12.5,1.5,9.5,1.4,9.1,4.4,1.2,0.0,0.0,0.0,0.0,3.6,0.0,3.0,20.3,46.0,0.6,10.3,6.6,0.0,3.0,0.5,0.0,0.0,0.0
1977,3,0.0,0.0,0.5,33.5,22.0,5.0,0.3,8.0,18.0,7.7,14.6,5.2,8.3,8.0,4.4,6.5,3.6,2.0,6.5,13.8,0.2,13.0,13.3,0.6,0.0,7.0,3.8,3.0,1.0,35.5,17.5
1977,4,18.6,0.2,0.3,0.2,24.3,0.0,0.1,0.7,19.6,0.0,14.0,9.5,9.6,0.1,17.8,14.4,0.4,1.5,0.0,7.8,4.4,0.3,0.7,2.2,25.5,32.8,1.3,0.0,39.8,5.1,0.0
1977,5,0.7,0.6,13.1,4.0,3.5,16.0,1.2,5.6,3.0,0.2,31.0,2.9,11.5,23.7,32.6,5.2,2.9,0.3,18.0,3.2,0.4,12.0,0.0,2.8,0.0,0.0,0.0,0.0,0.0,0.0,0.0
1977,6,67.8,168.0,49.0,46.0,1.1,3.6,2.7,33.0,9.2,17.0,1.9,4.3,9.8,3.5,8.5,2.8,12.6,3.2,1.2,5.5,52.5,11.6,4.4,2.4,3.2,0.0,0.0,0.0,7.6,3.6,0.0
1977,7,4.8,0.0,0.0,0.0,55.1,12.4,0.7,4.2,3.4,5.1,5.3,29.8,1.5,0.0,0.0,0.0,54.5,4.7,0.0,0.0,0.0,0.0,0.0,0.0,40.0,14.6,0.0,17.2,0.4,0.0,0.0
1977,8,3.6,0.0,0.0,0.0,2.0,0.4,0.0,0.0,0.0,0.0,3.4,0.0,0.0,0.0,0.1,0.0,0.0,1.1,6.0,0.0,0.0,0.0,6.7,0.0,0.8,1.1,0.0,3.7,0.0,0.0,4.5
1977,9,1.4,0.0,0.0,0.0,0.0,0.0,0.0,0.0,0.0,0.0,0.0,0.0,0.0,0.0,0.0,0.0,0.0,0.0,0.0,0.0,7.2,0.0,0.6,0.0,0.0,0.0,0.5,0.0,0.0,0.0,0.0
1977,10,0.0,9.2,0.2,0.8,2.4,0.0,0.0,0.0,0.0,0.8,0.0,0.0,0.3,0.0,0.0,0.0,0.5,2.0,0.1,0.0,0.0,0.0,0.0,0.0,0.0,1.8,0.0,0.0,0.0,0.0,0.2
1977,11,0.0,0.1,0.0,0.0,0.0,0.0,0.0,0.0,0.0,0.0,0.0,0.0,0.0,0.0,1.6,0.1,0.0,0.0,0.4,0.0,0.0,0.0,0.0,0.0,0.6,0.0,0.0,0.0,0.0,0.0,0.0
1977,12,0.0,0.0,0.0,0.0,0.0,0.0,0.0,0.0,0.0,0.0,0.0,0.0,0.0,0.0,0.0,0.7,0.0,0.0,0.7,0.0,0.0,0.0,0.0,0.0,0.0,0.0,0.0,0.0,0.0,2.0,0.0
1978,1,0.0,1.0,0.0,0.0,0.0,6.3,1.4,0.6,0.0,0.0,0.0,0.0,0.6,0.0,0.0,3.0,0.0,0.0,3.1,0.6,10.2,0.3,0.0,0.2,0.0,10.3,0.0,1.7,6.6,15.3,0.0
1978,2,0.0,0.0,0.5,0.2,0.0,0.0,0.0,4.8,0.0,8.4,105.4,122.2,0.0,13.3,3.3,0.0,0.5,2.0,0.2,0.2,0.0,0.0,0.0,0.0,0.0,0.7,1.0,0.0,0.0,0.0,0.0
1978,3,25.0,35.6,1.5,6.0,0.0,0.0,0.0,3.8,0.0,22.0,66.7,0.0,0.7,2.2,9.0,15.5,7.8,1.4,0.4,0.0,3.7,4.6,0.9,0.0,6.2,7.4,1.4,2.2,0.0,2.8,2.6
1978,4,11.2,3.4,0.8,1.8,0.0,0.8,5.3,2.0,11.0,40.0,0.0,2.9,0.0,3.0,21.6,61.8,0.0,0.7,0.3,6.9,80.1,3.5,27.8,5.0,0.0,3.3,0.3,0.0,0.0,0.3,0.0
1978,5,3.0,0.3,0.4,0.0,0.0,0.0,0.2,32.9,18.7,7.3,19.4,25.7,22.0,3.0,7.3,6.7,1.5,3.3,0.0,4.2,75.4,6.4,9.8,0.2,1.6,0.2,9.3,4.7,5.0,1.3,3.3
1978,6,13.2,0.0,2.2,0.0,0.0,0.0,0.0,1.7,6.5,0.3,0.0,12.0,10.8,4.6,16.6,15.5,0.0,0.0,8.2,0.7,0.0,0.0,0.3,0.6,0.0,5.4,0.2,3.3,3.5,0.3,0.0
1978,7,12.0,0.0,0.0,6.8,11.7,22.0,0.0,4.8,10.3,0.3,15.0,15.0,30.4,8.4,0.8,10.0,0.2,0.0,1.8,0.5,0.0,0.0,0.5,2.8,4.2,2.4,0.0,10.0,29.4,0.2,0.0
1978,8,0.0,0.0,0.0,0.0,0.0,0.0,0.2,0.0,0.5,0.0,0.0,0.0,0.0,0.0,0.0,0.0,0.0,0.0,0.0,0.0,0.0,0.0,0.0,0.0,0.3,0.0,0.2,0.0,1.0,1.1,3.3
1978,9,0.2,0.5,0.0,3.3,5.4,9.0,3.3,0.0,0.0,0.0,0.0,1.0,0.0,0.0,0.0,0.0,0.0,0.0,0.0,0.0,3.3,0.0,0.0,9.0,0.0,0.0,1.8,6.2,0.1,0.9,0.0
1978,10,0.0,0.0,0.0,0.0,0.0,0.6,0.0,0.0,0.0,0.0,0.0,0.0,0.1,0.0,0.0,1.4,0.0,0.0,3.6,0.7,0.3,0.3,0.0,0.0,0.0,0.0,1.0,4.9,3.8,0.0,0.0
1978,11,0.0,0.0,0.0,0.0,0.0,0.0,0.0,1.0,0.0,0.0,0.3,0.0,0.3,0.0,0.0,0.0,0.0,2.2,0.2,0.0,0.0,0.0,0.0,0.0,0.0,0.0,0.0,0.0,0.0,1.4,0.0
1978,12,3.3,0.0,18.2,0.0,19.0,0.2,0.0,0.0,0.0,0.0,0.0,0.0,0.3,0.0,1.1,0.8,0.0,0.0,0.0,0.0,0.0,0.0,0.0,12.0,3.2,0.0,0.0,0.7,0.0,0.0,0.0
1979,1,0.0,0.0,0.9,0.2,0.0,0.0,0.0,0.0,0.0,0.0,0.0,0.0,0.0,0.6,0.4,0.4,0.0,0.0,1.8,24.5,4.6,0.6,4.7,5.5,0.0,3.6,0.0,0.1,0.3,0.0,2.6
1979,2,0.0,0.0,0.0,0.0,0.0,0.0,0.0,0.0,0.0,0.0,0.0,0.0,0.4,0.4,0.8,0.0,0.0,0.3,0.0,0.0,12.0,8.4,6.5,32.4,17.3,2.2,8.0,93.4,0.0,0.0,0.0
1979,3,11.8,0.8,117.7,16.3,11.8,0.8,3.5,0.9,0.0,3.3,0.0,3.4,8.3,23.2,23.0,3.6,2.8,0.0,0.1,0.0,3.6,0.0,0.5,54.5,33.8,0.0,0.0,12.6,67.0,1.4,0.0
1979,4,0.8,0.0,0.5,2.6,0.0,1.0,9.8,0.0,0.0,0.0,0.0,11.0,5.2,0.0,0.0,0.0,0.0,0.0,10.0,32.4,6.0,3.2,0.5,0.6,0.9,0.0,8.5,0.3,0.0,26.0,0.0
1979,5,0.0,0.0,0.0,1.1,14.8,1.2,0.7,14.4,2.2,22.0,46.2,27.2,7.1,23.0,10.4,39.2,0.0,6.5,0.0,2.6,3.3,0.0,0.0,2.0,2.8,0.0,0.0,2.2,2.2,2.1,14.0
1979,6,0.0,5.0,0.0,5.2,0.0,0.0,0.0,0.0,10.3,0.0,9.0,3.5,0.0,0.0,10.7,0.0,0.0,0.0,0.0,0.0,0.0,0.0,0.0,0.0,0.0,0.0,1.2,0.0,0.0,0.0,0.0
1979,7,0.0,1.6,3.0,0.1,0.0,0.0,0.0,0.0,0.0,0.0,0.0,0.0,0.0,0.0,0.2,2.0,8.1,4.4,1.6,0.0,0.0,0.4,0.0,0.2,0.0,0.0,0.0,0.0,0.0,0.0,0.0
1979,8,0.0,0.0,0.0,0.0,0.0,0.0,0.0,0.0,0.0,0.0,0.0,0.3,6.6,0.0,0.0,0.0,0.0,0.0,0.0,0.3,0.5,8.1,0.5,0.1,0.6,0.0,0.0,11.2,9.6,0.0,0.0
1979,9,0.0,1.4,0.5,0.7,7.5,37.6,1.8,0.8,0.0,0.0,0.0,0.0,0.0,0.0,0.0,1.0,0.0,0.0,0.7,0.0,0.0,1.0,0.0,0.0,0.0,0.0,0.0,0.0,0.0,0.0,0.0
1979,10,0.0,0.0,2.0,0.0,0.0,0.0,0.0,0.0,0.0,0.0,0.4,0.0,0.0,0.0,0.0,0.0,0.2,0.0,0.0,0.0,4.0,0.3,1.0,0.6,0.6,5.3,0.5,0.0,0.0,0.2,0.0
1979,11,0.0,0.0,0.0,0.0,0.0,0.0,0.0,0.0,0.1,0.0,0.2,0.0,0.0,3.3,1.0,0.4,0.0,0.0,0.6,0.0,0.0,0.8,0.0,0.0,0.0,0.0,0.0,0.0,0.0,0.0,0.0
1979,12,0.0,0.2,1.9,0.0,1.0,0.0,0.0,0.0,0.0,0.0,0.0,1.1,0.0,0.4,0.0,0.0,0.0,0.0,2.2,0.4,0.0,0.0,0.0,0.0,0.0,0.5,0.0,0.0,0.0,0.0,0.0
1980,1,0.0,0.0,0.0,1.8,0.0,0.6,0.3,5.2,0.0,0.0,44.0,0.2,0.0,10.4,35.8,6.4,4.7,0.7,73.4,3.4,0.4,0.0,0.0,0.0,0.0,0.0,0.0,0.0,0.0,0.0,0.0
1980,2,0.0,0.0,0.0,0.0,0.0,1.4,2.0,0.0,3.2,17.0,3.3,0.0,1.3,11.0,42.0,13.4,0.4,5.0,10.2,27.4,7.8,77.8,58.0,25.0,4.0,19.5,84.1,1.4,42.1,0.0,0.0
1980,3,2.1,0.0,0.0,13.2,0.6,10.2,76.6,3.7,3.5,0.0,2.6,2.6,36.0,2.7,2.7,0.0,19.8,5.0,6.5,6.2,0.7,8.7,0.6,0.0,0.0,0.0,0.0,0.0,0.0,0.0,0.0
1980,4,0.0,0.2,0.5,6.2,0.5,2.5,0.1,2.2,0.0,0.1,10.7,0.0,0.2,0.0,0.0,50.2,1.8,0.2,3.0,0.4,0.6,1.6,1.2,0.0,0.0,1.4,0.0,0.0,7.5,9.8,0.0
1980,5,1.5,0.0,3.2,0.5,0.5,0.2,1.8,0.0,0.0,0.0,0.2,0.6,0.0,0.0,3.0,2.8,0.0,0.0,0.0,0.0,0.0,0.0,0.0,2.4,33.2,3.4,0.0,0.0,0.0,0.0,0.0
1980,6,0.8,0.2,9.0,11.4,10.8,15.8,0.6,0.0,0.0,7.0,0.0,1.2,0.7,0.8,0.0,0.0,0.0,0.5,0.0,0.0,0.0,0.4,0.0,0.8,0.0,0.2,3.0,0.0,0.0,13.0,0.0
1980,7,26.5,4.5,9.1,0.0,0.0,0.0,0.0,0.0,0.0,0.0,3.2,0.0,0.0,0.0,0.0,0.0,0.0,0.0,0.0,0.5,0.0,0.0,0.0,0.0,0.0,0.0,0.0,0.0,0.0,5.5,0.0
1980,8,0.0,0.0,0.0,0.0,0.0,0.0,0.0,0.1,0.3,0.0,0.4,0.0,0.0,0.0,0.0,0.0,0.2,0.5,0.8,0.6,0.0,0.0,0.0,0.0,0.0,0.0,2.0,0.0,0.0,0.0,26.5
1980,9,0.0,5.2,0.7,2.6,0.0,0.0,0.0,0.3,0.0,0.0,11.0,0.0,0.0,0.0,0.0,0.0,0.0,0.5,0.0,0.0,0.0,0.0,0.0,1.0,0.0,0.0,0.0,0.2,0.0,2.0,0.0
1980,10,9.5,0.8,0.0,0.5,0.0,0.0,0.0,0.0,0.0,0.0,0.0,0.0,0.0,0.0,0.0,0.0,0.0,0.0,0.0,0.0,0.0,3.6,0.0,0.6,0.0,0.0,4.2,0.0,0.0,0.0,0.0
1980,11,0.0,0.0,0.0,0.0,0.0,0.0,0.0,0.0,0.0,0.0,0.0,0.0,0.0,0.0,0.4,2.0,0.2,0.0,0.0,0.0,0.0,4.1,0.0,0.0,0.2,0.0,0.0,0.0,0.0,0.9,0.0
1980,12,0.0,0.0,0.0,0.0,0.0,0.0,0.0,0.0,0.5,0.0,0.0,0.0,0.0,0.0,0.0,0.0,0.0,0.0,0.0,1.2,0.4,3.7,0.0,0.0,0.0,0.0,0.0,0.0,0.0,0.0,0.0
1981,1,0.0,0.0,0.5,0.0,0.0,0.0,13.6,0.0,0.0,4.3,1.2,0.0,0.0,0.0,2.0,0.2,0.0,0.0,9.2,7.1,3.4,0.0,0.0,0.0,1.8,26.0,28.9,0.0,1.0,0.0,0.0
1981,2,0.5,0.0,0.0,19.2,2.0,14.2,4.4,0.5,0.6,0.8,0.0,0.1,1.8,3.4,11.4,0.0,2.3,13.5,0.0,0.0,0.0,0.2,0.0,0.0,0.0,0.0,0.0,0.0,0.0,0.0,0.0
1981,3,0.0,0.0,1.8,0.0,0.0,0.1,0.0,0.8,0.0,0.0,0.0,0.0,6.0,0.6,0.6,77.6,12.4,5.5,22.4,22.0,161.6,4.3,0.0,80.0,27.4,0.6,78.2,16.4,57.0,0.5,0.2
1981,4,8.6,2.6,7.6,1.8,0.0,50.0,2.4,0.0,0.0,0.0,0.0,5.0,0.0,0.0,0.0,0.0,0.0,0.0,0.0,0.0,0.0,0.0,2.0,1.0,0.0,6.8,0.0,22.0,3.0,1.0,0.0
1981,5,4.0,20.2,14.5,0.0,0.3,0.0,0.3,3.5,33.8,0.0,0.0,0.0,0.0,0.0,0.0,4.7,1.0,0.0,0.0,10.0,35.8,4.4,3.3,0.0,0.0,0.0,0.0,0.0,0.0,0.0,0.0
1981,6,0.0,0.0,0.0,0.0,1.0,0.0,2.4,4.2,1.3,0.0,1.0,0.0,21.2,0.0,0.0,0.0,0.0,0.0,0.0,0.0,0.0,0.0,0.0,0.0,0.0,0.0,0.0,0.0,0.0,0.0,0.0
1981,7,1.0,0.0,0.0,0.0,0.0,0.0,0.0,0.0,0.0,0.0,0.0,0.0,0.0,0.0,0.0,0.0,0.0,0.5,0.3,0.0,0.0,0.0,0.0,0.0,0.0,0.0,0.0,0.0,0.0,0.0,0.0
1981,8,0.0,0.0,0.0,0.0,0.0,0.0,0.0,0.0,0.0,0.0,0.0,0.0,0.0,0.0,0.0,0.0,0.0,10.0,0.0,0.0,0.0,0.0,0.0,0.0,0.0,0.0,0.0,0.6,0.4,0.0,0.0
1981,9,0.0,0.6,0.0,0.0,0.0,0.3,0.0,0.0,0.0,0.0,0.0,0.0,0.0,0.0,0.2,0.0,0.0,0.0,0.0,0.0,0.0,0.0,0.0,0.0,0.0,0.0,0.0,0.0,0.0,0.0,0.0
1981,10,0.0,0.0,0.0,0.0,0.0,0.0,0.0,0.0,0.0,0.0,0.0,0.0,0.0,0.0,0.0,0.0,0.0,0.0,0.2,0.3,0.0,0.0,0.0,0.0,0.0,0.0,0.0,0.0,0.2,0.0,0.0
1981,11,0.0,0.0,0.0,1.3,0.0,0.0,0.0,0.0,0.0,0.2,0.6,2.0,0.0,0.0,0.0,0.0,0.0,0.0,0.0,0.0,0.0,0.0,0.0,0.0,0.2,0.0,0.0,0.0,0.0,0.0,0.0
1981,12,0.0,0.0,0.4,1.8,1.8,0.6,1.3,0.0,0.0,0.0,0.0,0.0,0.0,0.0,0.0,0.0,0.0,0.0,2.0,0.0,3.5,5.8,1.7,10.0,5.8,0.0,0.0,2.0,0.0,0.0,0.0
1982,1,0.0,0.0,0.0,0.0,0.0,0.0,0.3,0.0,0.0,0.6,0.3,0.0,0.0,0.0,0.0,0.0,0.5,0.0,0.0,0.0,0.3,2.2,9.6,3.6,1.7,3.0,56.2,2.8,5.3,5.7,3.2
1982,2,2.5,6.7,0.0,0.9,0.0,0.0,0.2,1.4,1.5,0.0,0.8,2.7,1.5,0.0,14.0,3.7,0.0,9.3,28.0,0.4,0.0,4.0,0.8,1.5,10.2,0.0,15.7,74.7,0.0,0.0,0.0
1982,3,2.1,5.6,15.8,0.0,5.2,0.0,8.6,13.4,4.2,10.0,0.0,13.0,2.4,0.0,0.3,0.0,0.8,0.0,8.1,1.8,14.5,5.1,15.0,1.4,0.0,2.4,10.0,41.8,10.1,4.4,0.0
1982,4,17.0,10.0,0.0,1.1,0.9,0.0,0.0,13.5,4.4,4.3,25.8,65.2,6.1,3.9,43.4,1.0,7.5,6.5,1.0,0.0,0.0,5.3,0.0,5.2,1.7,0.2,5.6,13.2,5.8,0.5,0.0
1982,5,0.0,0.0,1.8,0.6,0.0,0.6,4.9,0.0,7.8,3.5,5.6,3.2,0.3,3.0,1.2,0.8,5.9,18.8,0.4,4.1,0.1,10.5,0.0,9.7,0.0,0.0,0.0,1.8,0.4,10.5,6.4
1982,6,35.0,0.0,1.0,0.5,1.0,3.1,2.0,10.6,0.0,0.0,0.0,0.0,0.0,0.0,0.0,1.6,9.8,1.0,0.0,0.0,0.4,0.0,0.0,0.2,3.0,5.2,0.6,4.0,0.0,0.0,0.0
1982,7,0.0,0.0,1.0,0.0,0.0,0.0,0.0,0.0,0.0,0.0,0.9,0.8,0.0,0.0,6.2,4.9,5.8,0.0,2.0,0.6,0.0,0.0,1.2,1.2,0.0,0.0,0.8,7.2,0.0,0.0,1.1
1982,8,0.0,0.0,0.0,0.0,0.0,0.0,3.0,0.0,0.0,0.0,11.5,0.0,0.0,0.0,0.0,0.5,0.0,1.5,0.0,0.0,0.3,0.0,0.0,0.0,0.0,8.4,0.0,0.0,0.6,1.8,3.6
1982,9,16.2,1.5,0.4,1.5,0.2,0.0,0.0,3.3,2.0,0.0,4.4,0.0,0.0,0.4,0.6,0.2,1.0,0.0,0.0,0.0,0.0,0.0,0.0,0.0,0.0,0.6,0.0,0.0,0.0,0.0,0.0
1982,10,0.0,0.2,0.2,0.0,0.0,0.0,0.0,0.0,1.8,0.0,0.8,0.0,0.0,0.0,0.0,3.8,1.2,0.0,0.0,1.4,2.6,1.6,3.1,0.3,0.0,0.0,0.1,0.0,0.4,0.0,0.0
1982,11,0.0,0.1,0.0,0.0,0.3,0.1,0.0,0.0,0.3,0.0,0.0,0.0,0.0,0.0,0.2,0.0,0.0,0.0,0.0,0.0,0.0,0.0,0.5,0.0,0.0,5.5,0.0,7.0,0.0,0.4,0.0
1982,12,0.5,3.5,0.7,0.0,0.0,0.4,0.0,0.0,0.0,0.2,0.2,0.5,0.5,0.0,0.0,3.2,0.5,0.1,0.0,0.0,0.0,0.0,0.0,0.0,0.0,0.4,0.0,0.0,9.8,0.0,0.0
1983,1,2.9,0.0,0.0,0.0,0.0,0.0,0.0,0.0,0.0,0.0,0.0,0.0,0.0,0.5,0.0,0.1,0.0,0.0,0.0,0.0,0.0,0.0,0.0,0.0,0.0,0.0,0.0,0.0,7.4,10.6,0.5
1983,2,0.5,1.4,2.2,3.0,34.5,1.0,11.8,0.0,2.7,2.2,0.0,0.0,47.2,41.8,0.0,0.0,0.0,7.9,2.2,0.0,0.0,0.4,0.0,0.0,0.0,0.0,0.0,0.0,0.0,0.0,0.0
1983,3,0.0,0.0,1.0,0.0,91.4,16.8,7.5,0.8,17.5,11.5,48.1,0.2,1.2,0.0,3.0,0.0,0.2,27.9,5.8,0.0,0.0,0.0,0.0,14.4,13.0,3.0,6.1,7.4,1.8,2.3,0.0
1983,4,0.0,1.8,0.0,45.0,0.0,5.6,4.6,27.7,3.8,0.8,22.2,0.0,0.0,0.0,0.0,0.4,0.4,2.1,0.0,0.0,11.5,0.0,0.0,2.8,2.6,0.0,0.0,0.0,0.4,0.0,0.0
1983,5,0.0,2.1,0.2,2.2,0.0,0.0,1.5,8.2,3.3,2.0,8.6,5.7,0.3,0.0,0.1,0.0,2.3,0.3,0.0,0.0,0.6,4.8,5.1,0.2,0.0,0.0,1.1,0.7,2.0,3.8,6.3
1983,6,0.5,0.0,0.0,0.0,0.0,0.0,0.0,2.8,5.5,34.0,23.4,4.6,10.4,37.4,3.4,6.4,23.4,0.2,1.0,0.0,0.0,0.6,0.0,0.0,0.0,0.0,0.0,1.4,0.0,0.0,0.0
1983,7,0.0,0.0,0.0,0.0,9.0,7.2,0.4,1.8,4.9,13.5,6.0,0.0,0.0,6.7,0.0,1.7,0.0,1.2,0.2,0.3,0.5,1.3,0.2,0.0,0.0,0.0,0.0,0.0,0.0,0.0,0.0
1983,8,0.0,0.5,0.0,0.3,0.0,0.0,0.0,8.6,0.0,0.9,0.0,0.0,0.0,0.3,0.0,0.0,8.8,0.4,0.0,0.4,6.0,0.2,6.8,0.0,0.0,0.2,0.0,0.0,1.6,0.0,0.0
1983,9,0.0,0.0,0.0,0.7,0.0,0.0,0.0,0.0,0.4,0.0,0.4,0.0,0.0,0.0,2.0,0.0,0.0,0.0,0.5,0.0,0.0,0.0,0.0,0.0,0.0,0.0,0.0,0.0,0.0,0.0,0.0
1983,10,0.0,0.3,5.0,0.0,2.0,0.0,0.0,0.0,5.0,0.0,0.0,0.0,0.0,0.0,1.0,0.0,0.0,0.0,0.0,0.0,0.0,0.0,0.0,0.0,0.5,0.3,0.0,0.0,0.0,2.8,2.4
1983,11,0.0,0.0,0.0,0.0,0.0,0.0,0.0,0.0,0.0,0.0,0.0,0.0,0.0,0.0,0.0,0.5,0.0,0.0,0.0,0.0,0.0,0.0,0.0,0.0,0.0,0.0,0.0,0.0,0.1,0.0,0.0
1983,12,0.0,0.0,0.0,0.0,0.0,0.0,0.0,0.0,0.0,0.0,0.0,0.0,0.0,0.0,0.0,0.0,0.0,1.5,6.5,0.0,0.0,0.2,0.0,0.0,0.0,1.4,2.7,19.0,0.3,0.0,0.0
1984,1,0.0,27.5,2.6,0.2,0.0,0.0,0.0,0.0,0.2,1.8,3.2,0.0,0.0,1.3,1.7,16.7,0.5,0.0,0.0,0.0,0.0,0.0,5.6,0.0,0.0,39.6,0.0,0.0,0.4,0.2,3.8
1984,2,0.0,0.0,0.0,0.5,40.4,13.4,112.4,15.1,0.0,0.0,1.9,0.5,0.2,3.1,8.4,3.0,3.0,0.0,2.8,1.3,4.7,0.0,0.5,4.7,0.0,0.0,0.0,0.0,50.8,0.0,0.0
1984,3,30.0,22.0,27.2,0.0,2.2,24.6,26.7,5.0,0.0,21.2,0.0,0.0,0.0,1.4,3.6,0.0,3.0,18.4,5.0,2.5,3.0,22.0,0.0,0.1,9.0,10.0,44.2,22.5,3.4,0.1,18.2
1984,4,0.8,15.4,9.1,0.0,67.0,10.6,5.2,3.8,18.8,73.4,3.4,0.0,11.6,59.2,15.5,0.4,5.0,9.2,0.2,21.2,23.0,10.6,0.0,0.0,9.8,4.6,0.1,37.4,19.3,5.0,0.0
1984,5,6.2,32.4,2.0,37.0,1.0,29.2,0.5,11.9,87.2,6.6,0.0,23.5,6.2,20.3,5.1,0.0,4.0,2.2,0.0,2.5,4.0,2.0,1.4,0.5,0.1,2.4,19.4,4.3,0.8,1.2,4.2
1984,6,7.2,30.0,0.8,0.2,62.2,0.8,4.2,29.0,0.0,9.5,0.0,6.6,12.0,0.0,0.0,1.0,10.0,0.4,59.8,1.2,0.2,0.6,29.3,0.0,0.0,0.0,0.1,8.0,29.0,4.8,0.0
1984,7,0.1,0.6,0.5,0.0,1.2,18.1,2.4,0.0,0.0,1.4,23.2,0.0,0.0,2.7,10.4,5.6,0.0,19.8,2.9,0.0,0.0,12.0,1.2,0.0,0.0,0.0,0.0,0.0,44.8,10.6,0.0
1984,8,0.0,0.0,0.4,0.4,0.0,0.0,0.0,0.0,0.5,9.9,0.0,0.0,4.0,1.5,2.3,0.0,0.0,0.0,0.0,0.0,0.0,0.0,0.0,0.2,0.0,0.0,12.8,0.2,0.0,0.4,5.6
1984,9,0.8,0.0,0.0,0.0,0.5,0.0,0.0,4.4,1.6,0.4,0.0,4.0,0.0,0.0,0.0,0.0,0.0,0.0,0.0,0.2,0.8,0.0,0.0,0.0,0.0,0.0,0.0,0.2,0.0,0.0,0.0
1984,10,0.0,8.6,0.0,0.0,0.2,0.0,23.8,0.0,0.0,1.6,0.0,0.0,0.0,0.0,0.6,0.2,0.4,0.0,9.3,0.0,0.1,0.0,0.3,0.0,0.5,0.0,0.0,1.7,0.4,0.1,0.0
1984,11,0.0,0.0,0.0,0.0,0.0,0.4,0.0,0.0,1.2,0.3,0.0,0.2,0.0,0.0,0.4,1.0,0.2,0.0,0.0,0.1,0.0,0.0,0.0,0.4,0.5,0.0,0.0,0.0,0.0,0.0,0.0
1984,12,0.0,0.0,0.0,0.0,0.0,2.4,2.0,0.0,0.0,0.0,0.0,0.3,0.0,0.0,0.0,0.0,0.0,0.0,0.0,0.8,0.0,0.0,0.0,0.1,0.0,0.0,0.0,0.0,0.2,0.5,0.0
1985,1,5.7,1.9,0.0,0.0,0.0,2.0,2.2,1.0,7.5,3.5,4.1,0.4,3.5,1.8,0.7,0.0,2.5,0.2,24.6,29.2,0.9,15.0,12.3,7.0,20.5,11.4,0.8,52.5,8.8,7.5,4.7
1985,2,15.2,7.6,37.8,11.6,3.6,0.0,10.5,3.6,36.0,13.2,5.2,3.4,18.8,35.6,8.9,11.5,14.6,9.2,36.0,0.6,32.2,67.7,33.6,5.5,9.2,26.2,0.0,6.1,0.0,0.0,0.0
1985,3,1.1,15.2,37.3,20.4,4.7,31.6,9.0,2.0,0.0,0.6,2.3,3.2,19.4,1.6,14.0,14.7,16.2,15.6,89.7,16.9,10.0,4.0,67.0,16.6,35.0,7.0,0.9,37.8,37.6,6.7,8.0
1985,4,1.8,41.0,145.5,8.0,2.8,22.0,39.0,15.3,0.8,39.5,33.2,2.8,13.2,0.0,32.4,36.6,23.3,0.0,0.5,4.6,47.5,0.2,29.5,14.6,29.9,16.6,2.9,13.2,16.4,1.0,0.0
1985,5,5.6,2.2,21.9,0.0,9.6,5.3,0.0,7.0,9.8,3.2,0.0,11.6,59.8,0.0,7.0,2.2,0.0,14.6,3.2,85.0,4.4,14.4,1.0,16.0,0.0,0.7,10.1,3.0,4.2,0.0,0.0
1985,6,0.0,0.0,11.1,3.7,19.0,0.0,3.3,0.0,0.0,0.0,0.0,0.5,4.4,20.0,0.0,0.0,16.2,63.6,7.6,2.1,0.0,11.5,4.4,16.6,0.0,0.4,26.0,0.0,0.2,6.2,0.0
1985,7,2.2,0.0,0.0,3.6,0.0,2.0,4.7,7.2,0.0,7.6,10.0,7.2,65.2,2.2,9.4,17.2,0.2,0.6,7.6,0.0,0.0,0.7,4.7,0.0,0.4,0.0,0.0,0.9,4.1,0.0,0.0
1985,8,0.0,0.0,0.0,0.0,0.0,0.6,0.8,0.0,0.0,0.0,0.0,0.0,0.0,2.5,0.0,0.0,0.3,0.0,0.0,0.0,0.0,0.0,0.0,0.0,0.0,0.6,11.3,0.8,2.1,3.8,8.0
1985,9,0.0,0.2,0.0,0.0,0.0,0.0,0.0,0.0,2.7,3.8,4.3,9.0,0.2,0.0,0.2,0.0,0.0,0.0,0.0,5.0,1.9,0.3,0.0,0.2,0.0,0.0,0.0,0.0,0.0,0.0,0.0
1985,10,0.0,0.0,0.0,0.0,0.0,0.0,0.0,0.0,0.0,0.0,0.0,0.0,0.0,0.0,0.0,0.0,0.0,0.0,0.0,0.2,0.0,0.0,0.0,0.0,0.0,0.0,0.0,0.0,0.0,0.0,0.0
1985,11,0.0,0.0,0.0,0.0,0.0,0.0,0.0,0.6,2.0,0.4,0.0,0.0,0.0,6.4,2.5,0.0,0.0,0.0,0.0,2.0,0.0,0.0,1.1,0.0,0.0,0.0,0.0,0.0,0.0,0.0,0.0
1985,12,0.0,0.0,0.0,0.0,0.0,0.0,0.0,1.2,0.0,0.0,0.0,0.0,0.2,1.6,84.4,5.0,20.1,2.4,0.0,0.0,0.0,0.0,1.3,10.3,18.8,0.0,0.2,2.8,17.2,1.4,43.2
1986,1,1.8,2.2,13.9,0.0,0.6,6.3,0.0,0.0,3.6,4.9,0.0,0.0,0.0,0.0,0.0,0.0,0.0,0.0,0.0,0.0,0.0,3.4,1.0,16.4,0.0,0.0,0.0,1.5,23.2,10.9,25.3
1986,2,51.4,4.7,1.8,0.0,2.2,5.0,0.0,7.2,4.8,0.0,1.1,29.9,10.0,2.8,6.1,9.4,13.1,0.5,0.0,0.0,1.4,50.6,20.0,0.2,2.6,1.6,26.4,44.1,0.0,0.0,0.0
1986,3,140.4,0.7,54.1,8.4,57.4,0.3,8.0,27.8,39.4,50.8,3.3,25.0,22.0,11.9,0.0,1.3,7.8,5.4,0.0,1.3,33.6,39.8,0.5,5.2,51.2,22.2,0.9,0.0,0.3,3.3,142.8
1986,4,9.1,31.2,37.2,0.2,1.0,9.8,30.7,27.0,0.6,6.1,5.1,6.9,12.6,17.1,22.0,0.4,64.2,26.9,18.0,30.0,8.8,0.0,58.1,20.4,39.6,0.0,0.6,9.3,14.0,70.7,0.0
1986,5,0.1,0.0,21.2,0.0,0.0,0.0,3.0,3.9,13.6,0.0,0.0,0.0,0.0,2.2,0.0,0.0,2.1,1.2,6.0,8.7,0.3,2.0,3.4,5.0,18.0,37.0,7.5,0.3,0.0,19.3,2.7
1986,6,7.3,38.4,4.0,0.0,11.7,59.0,0.0,26.6,4.0,5.5,4.9,21.6,11.8,6.7,0.0,0.0,1.2,21.1,37.4,0.0,0.3,2.5,0.0,0.2,0.4,9.8,0.0,0.0,24.0,24.8,0.0
1986,7,7.3,3.5,0.0,0.0,1.0,0.0,0.5,0.0,0.0,4.5,0.0,9.0,2.2,0.8,0.6,0.1,0.0,0.6,0.0,0.0,0.0,0.0,0.0,2.6,0.0,0.0,0.0,0.0,0.0,0.2,0.0
1986,8,0.0,0.0,0.0,0.6,0.0,0.0,0.0,3.8,0.0,0.0,5.3,0.0,0.0,0.0,20.1,1.0,2.4,1.8,0.0,0.2,6.0,0.3,0.0,0.0,0.4,0.0,0.0,0.0,1.8,0.0,0.0
1986,9,8.4,1.0,0.2,0.0,0.0,0.0,0.0,0.0,0.4,0.4,1.0,0.0,3.0,0.0,0.4,0.8,0.0,0.0,7.4,0.0,0.0,0.0,0.0,0.0,0.0,0.0,0.1,0.0,13.9,2.1,0.0
1986,10,0.0,0.0,0.0,0.0,0.0,0.0,1.7,1.3,1.2,0.9,0.0,0.0,0.0,0.0,0.0,0.0,0.9,0.0,0.0,0.0,0.6,0.2,0.0,0.0,0.0,0.0,0.0,0.0,0.0,0.0,0.0
1986,11,0.6,0.9,0.7,0.0,2.1,0.6,3.9,0.9,0.0,0.0,0.0,1.3,1.9,0.0,3.3,0.0,8.6,0.1,0.0,0.0,5.6,1.0,0.0,0.7,2.2,0.3,0.5,0.8,1.2,2.5,0.0
1986,12,0.6,5.1,0.9,0.0,0.0,0.0,0.3,0.0,4.4,0.2,0.0,0.0,0.0,0.2,9.0,0.6,0.0,0.0,0.0,8.7,0.2,8.5,1.4,0.0,4.0,0.0,0.0,14.1,0.0,0.2,0.8
1987,1,0.0,1.0,2.5,0.0,0.0,60.4,5.7,0.0,1.2,0.4,0.0,0.0,0.0,0.0,0.0,5.1,1.6,0.2,1.2,0.3,7.0,3.2,0.0,0.0,0.0,0.0,0.8,0.0,0.0,0.0,0.6
1987,2,0.0,0.0,0.0,0.0,0.0,0.5,4.0,0.0,0.0,6.8,2.3,2.4,18.8,25.2,39.6,5.1,2.3,2.6,0.3,0.0,0.0,0.0,19.9,0.5,0.0,0.0,0.0,0.0,0.0,0.0,0.0
1987,3,0.0,13.8,1.8,1.0,0.0,2.6,29.2,2.0,80.0,17.6,3.1,0.3,1.8,26.4,2.7,0.5,4.9,47.7,36.6,0.4,3.2,0.2,8.9,16.4,19.0,17.7,33.7,1.0,29.7,12.3,1.6
1987,4,43.0,5.9,0.0,0.8,1.7,4.0,0.0,10.9,0.6,11.0,40.8,0.0,5.5,0.0,0.0,6.5,3.9,1.1,0.0,6.7,3.2,0.0,14.9,1.8,22.5,8.2,0.0,1.0,8.6,0.0,0.0
1987,5,0.0,18.5,2.2,4.7,6.3,3.8,0.0,0.0,0.0,0.0,1.3,0.0,0.0,0.0,0.0,0.0,0.0,0.0,0.0,0.0,1.3,0.0,0.0,0.0,0.1,0.2,0.1,0.0,4.4,8.8,3.2
1987,6,0.0,1.4,0.6,0.3,0.0,0.3,7.9,3.6,0.0,0.2,9.3,9.4,13.6,14.6,5.8,0.2,0.2,0.4,83.1,16.0,0.0,0.0,0.0,0.0,0.0,0.0,0.0,0.0,40.0,3.5,0.0
1987,7,0.0,0.0,0.0,0.0,2.2,7.8,0.0,12.1,2.1,39.5,1.0,0.8,0.0,0.0,0.0,0.0,0.0,1.2,0.0,0.0,0.0,0.0,0.0,0.0,0.0,0.0,0.0,1.5,30.8,4.9,0.0
1987,8,0.0,0.0,0.0,0.0,0.0,0.0,3.2,0.0,0.0,0.0,0.0,0.0,0.0,0.0,0.0,0.0,6.1,4.5,0.0,0.0,0.5,0.0,0.3,3.5,0.0,0.0,3.5,3.4,0.4,0.1,0.0
1987,9,0.1,0.6,2.3,1.4,0.0,0.0,0.2,0.0,0.0,0.0,0.3,0.0,0.0,0.0,0.3,0.0,0.6,0.0,0.0,0.0,2.4,0.0,0.2,0.0,0.1,0.0,0.8,0.0,1.1,2.9,0.0
1987,10,0.0,0.1,0.0,0.5,0.8,0.0,3.7,0.0,0.5,0.8,0.3,0.4,0.0,0.0,0.0,0.0,0.0,0.0,0.0,0.0,0.0,0.0,0.0,0.0,0.0,0.0,0.0,0.0,0.0,0.0,0.0
1987,11,0.0,0.0,0.0,0.0,0.0,0.0,0.0,0.0,0.0,0.0,0.0,0.6,0.0,0.0,0.0,0.0,0.0,0.0,0.0,0.0,0.0,0.0,0.0,0.0,0.0,0.0,0.0,0.0,0.0,0.0,0.0
1987,12,0.0,0.0,0.0,0.0,0.3,0.0,0.0,0.0,0.0,0.0,0.0,0.0,0.0,0.0,0.0,0.0,0.0,0.0,0.1,2.5,0.6,0.0,0.3,0.0,0.0,0.0,0.0,0.0,0.0,0.0,0.0
1988,1,0.0,0.5,0.0,0.4,0.0,0.3,0.0,0.0,0.0,0.0,3.5,0.0,12.2,3.0,1.6,0.9,0.5,3.8,0.0,5.5,0.0,0.0,0.0,11.2,28.3,76.0,8.2,18.1,0.0,7.3,0.8
1988,2,0.0,0.0,13.4,0.0,0.4,0.2,0.4,0.0,0.0,0.0,0.0,0.4,0.2,68.8,11.8,8.8,39.0,23.1,3.5,0.0,0.0,0.0,2.1,0.1,9.4,16.8,0.1,0.0,3.4,0.0,0.0
1988,3,34.4,0.8,0.5,0.0,0.1,2.0,21.4,7.0,0.0,2.8,3.1,0.7,0.0,3.0,0.9,0.0,4.3,0.0,8.9,43.3,0.0,0.5,39.6,15.0,20.2,17.4,82.6,6.1,0.0,9.5,9.6
1988,4,14.6,5.1,3.0,3.3,0.0,0.0,14.2,0.7,2.9,6.5,26.6,5.3,14.0,22.6,61.4,0.0,65.2,4.2,5.4,20.8,3.2,8.1,8.0,5.5,36.0,3.8,23.1,27.9,12.7,20.0,0.0
1988,5,0.0,14.0,3.0,18.2,11.2,0.0,15.8,0.6,0.0,6.4,2.4,1.6,0.0,4.0,39.6,14.6,3.2,6.6,0.0,4.4,0.0,5.5,23.7,0.7,0.0,0.0,4.8,14.0,0.0,3.1,2.8
1988,6,0.0,13.6,0.0,0.0,0.0,0.0,0.0,8.6,10.5,8.1,3.0,3.2,0.0,0.0,0.0,29.0,14.4,0.0,0.0,0.0,0.5,18.6,9.6,5.8,17.6,16.9,2.0,0.0,0.0,0.8,0.0
1988,7,0.0,0.0,0.0,7.6,0.0,0.0,26.2,0.9,1.0,8.1,7.2,26.6,0.0,0.8,8.5,0.0,5.5,13.6,2.8,0.0,0.0,0.0,0.0,0.0,5.4,12.4,0.0,0.0,0.0,0.0,0.0
1988,8,0.0,0.0,0.0,0.0,9.0,0.0,0.0,0.0,0.0,0.8,0.0,1.4,0.0,0.0,0.0,0.0,0.0,0.0,0.0,0.0,0.0,0.0,0.0,0.0,0.0,0.0,0.0,0.0,0.0,0.0,0.0
1988,9,10.4,9.1,0.4,0.0,0.0,0.0,0.0,0.0,0.0,0.0,0.1,0.0,0.0,0.0,0.0,1.4,0.0,0.0,0.0,0.0,0.0,0.0,0.0,0.0,0.0,0.0,0.0,0.0,0.0,1.3,0.0
1988,10,0.0,0.0,0.0,0.0,0.0,0.0,0.4,0.0,0.0,0.0,0.0,0.0,0.0,0.0,0.0,0.0,0.0,0.0,0.0,1.3,0.4,0.0,0.0,0.0,0.0,0.0,0.0,0.4,0.7,7.5,0.8
1988,11,0.0,1.6,0.0,0.0,0.0,1.0,1.0,1.6,2.6,0.4,0.8,0.6,3.0,0.0,0.8,0.0,2.2,0.4,0.3,0.0,0.0,0.0,0.0,0.0,0.0,0.0,0.0,0.0,0.0,0.2,0.0
1988,12,0.0,0.0,0.0,0.0,0.0,0.0,0.0,0.0,0.0,0.0,0.0,0.0,0.0,0.4,2.6,1.5,0.8,1.2,15.3,57.0,71.6,1.1,16.5,0.6,0.0,0.0,0.0,0.0,0.8,0.0,0.0
1989,1,0.5,3.4,0.6,0.0,0.2,0.0,0.0,0.0,0.3,0.0,0.0,9.2,70.3,46.2,0.4,0.0,0.0,0.0,0.2,0.0,0.2,0.0,0.0,41.7,76.9,2.9,0.0,1.8,1.6,0.0,0.0
1989,2,0.0,0.0,3.8,0.0,0.0,0.6,6.5,0.0,0.0,0.4,0.0,0.0,4.6,0.4,6.5,2.4,4.2,0.0,0.0,2.2,10.2,12.2,0.1,0.0,8.7,1.4,1.0,0.0,0.0,0.0,0.0
1989,3,1.0,21.4,35.1,1.8,0.0,0.0,0.0,0.0,27.6,0.0,1.1,6.1,0.4,7.8,0.0,9.4,48.2,25.1,20.7,3.2,1.6,2.5,0.0,15.9,23.2,0.8,14.0,6.5,0.0,3.2,48.0
1989,4,3.9,1.8,0.0,11.0,0.7,1.4,39.5,27.7,29.6,27.2,16.3,2.4,9.5,8.0,22.9,5.3,0.2,79.4,27.4,2.3,2.0,17.2,1.3,2.6,5.4,14.9,24.4,22.4,13.9,0.1,0.0
1989,5,16.1,14.2,19.6,18.0,2.1,0.0,0.4,0.4,4.5,1.1,3.0,1.1,0.3,0.0,13.9,0.1,0.0,1.4,21.3,12.2,18.2,0.1,0.6,6.4,9.4,8.0,0.0,3.8,1.2,14.8,1.2
1989,6,0.0,3.4,44.0,0.4,13.5,0.0,1.3,17.4,11.3,9.1,0.5,1.9,0.0,20.8,16.6,34.5,12.2,10.2,0.0,9.3,0.2,0.4,8.2,3.4,0.0,8.3,44.2,6.0,0.0,0.0,0.0
1989,7,3.1,0.0,0.1,2.2,1.9,54.0,3.2,4.4,17.3,8.2,0.0,0.0,0.0,0.0,0.0,0.0,3.5,2.4,0.0,8.3,7.7,0.0,0.1,3.1,7.4,2.4,0.0,0.0,0.0,0.0,0.0
1989,8,0.0,2.4,0.0,0.8,9.8,0.4,3.5,0.0,0.0,0.0,0.0,0.0,0.0,0.6,14.0,40.8,0.0,0.0,0.0,0.0,11.4,0.6,0.0,0.9,0.2,0.0,0.2,0.0,0.0,0.0,0.0
1989,9,0.0,0.0,0.0,0.0,0.0,0.0,1.7,1.0,14.4,0.0,0.0,0.0,0.0,0.0,0.0,0.0,0.0,0.0,0.0,1.7,0.3,0.2,0.0,0.5,0.0,0.0,0.0,0.0,1.0,0.3,0.0
1989,10,0.0,0.4,0.0,0.0,0.0,0.0,2.1,0.0,0.0,0.0,0.0,0.0,0.0,0.0,0.0,0.0,0.0,5.7,0.0,0.0,0.2,0.0,1.2,0.0,0.2,0.0,2.0,0.6,0.0,2.9,0.0
1989,11,0.0,0.0,0.0,0.0,0.7,0.0,3.7,0.0,0.0,0.0,0.4,0.0,0.0,0.4,1.5,1.4,0.8,1.3,0.0,0.0,0.0,0.0,0.4,0.0,0.0,0.0,0.0,0.0,0.0,0.0,0.0
1989,12,0.0,0.0,0.0,0.5,0.0,0.0,0.0,0.0,0.0,0.0,1.2,0.0,0.0,0.0,0.0,0.0,1.7,0.0,0.4,0.0,0.2,0.0,15.6,0.5,1.2,1.6,18.3,11.4,10.2,0.0,0.4
1990,1,0.0,0.8,0.0,0.0,0.7,0.8,0.0,1.4,2.0,0.0,1.5,0.0,1.3,0.0,16.9,0.0,0.4,0.7,0.0,0.0,0.0,1.5,0.0,0.3,3.3,0.0,1.0,0.0,3.7,2.0,2.0
1990,2,0.0,0.0,0.0,0.3,1.1,2.9,0.0,0.0,0.0,0.0,0.0,0.0,0.0,0.0,0.0,0.0,0.2,0.0,0.0,1.4,0.0,0.0,9.0,54.7,16.6,9.4,4.5,29.9,0.0,0.0,0.0
1990,3,0.4,2.4,2.1,0.0,0.0,0.0,0.3,0.0,0.0,0.0,0.0,0.0,1.8,0.0,0.0,0.0,0.0,0.7,0.2,1.2,0.2,0.0,5.7,32.3,1.3,19.2,0.0,0.3,0.0,0.3,36.0
1990,4,9.6,0.0,11.7,31.7,25.5,0.0,1.2,3.2,4.4,0.6,1.0,5.5,0.0,6.6,0.0,1.2,0.0,5.0,1.3,2.0,11.6,0.0,34.0,9.4,3.8,3.6,49.6,1.9,3.9,16.4,0.0
1990,5,68.6,10.7,2.4,16.8,1.6,0.0,1.8,0.0,1.9,0.0,0.0,8.2,0.0,24.4,36.6,0.0,0.0,4.0,5.1,1.2,6.6,0.0,1.1,0.0,0.1,1.4,1.2,3.7,2.0,3.7,2.5
1990,6,0.0,2.8,17.1,4.3,0.0,4.4,2.4,0.0,0.0,0.2,0.0,0.0,0.0,0.0,0.0,0.0,5.2,0.2,0.0,0.0,0.0,4.7,2.5,9.0,0.0,0.0,0.5,0.0,0.0,0.0,0.0
1990,7,0.0,0.2,18.7,18.4,0.0,0.1,2.9,17.0,0.0,1.5,0.0,0.0,0.0,0.2,0.0,0.0,10.0,4.0,10.0,0.0,0.1,3.0,0.0,0.0,0.0,1.5,0.0,0.0,1.2,0.8,0.0
1990,8,0.0,0.0,0.0,0.0,0.0,1.1,0.0,0.4,0.0,0.0,0.0,0.0,1.6,6.6,0.0,0.0,2.8,0.0,0.0,0.0,0.0,0.0,1.1,0.0,0.0,0.0,0.2,0.0,0.0,0.0,0.0
1990,9,0.0,0.0,0.0,0.0,0.0,0.0,0.0,2.9,2.4,0.2,0.4,0.2,0.0,0.0,0.0,0.0,0.0,10.4,2.3,8.3,0.0,0.0,0.4,0.2,0.0,0.0,0.0,6.4,0.0,0.6,0.0
1990,10,0.0,3.5,0.5,0.4,0.0,0.0,0.0,0.0,0.0,0.0,0.0,0.2,0.0,0.0,0.0,0.0,13.7,0.0,1.2,1.9,0.5,0.0,0.0,0.0,0.0,0.0,0.0,0.0,0.0,2.9,0.7
1990,11,0.0,0.0,0.0,0.0,0.0,1.2,0.0,1.4,0.0,0.0,0.0,0.0,0.0,0.0,0.0,0.0,14.0,0.8,0.0,0.4,0.0,0.0,1.8,0.0,0.0,0.0,0.0,0.0,0.0,0.0,0.0
1990,12,0.0,0.0,0.0,0.0,2.5,0.7,0.0,0.0,0.0,0.0,0.0,0.0,0.0,0.0,0.0,2.4,3.4,0.2,0.4,0.5,0.0,1.1,2.0,0.0,0.0,3.4,0.0,0.0,0.0,0.0,0.0
1991,1,0.0,0.0,1.3,1.4,0.0,0.0,0.0,0.0,0.0,0.0,0.0,0.0,0.8,0.0,0.1,0.0,0.0,0.8,5.3,0.0,0.0,0.0,4.6,0.5,0.0,0.0,0.0,0.0,0.0,0.8,0.9
1991,2,21.6,3.5,3.9,35.6,0.0,26.0,4.0,15.8,23.8,0.0,0.5,0.0,0.0,0.0,0.0,89.1,2.3,2.1,4.2,0.2,15.1,0.9,0.0,0.0,0.8,0.9,1.4,0.7,0.0,0.0,0.0
1991,3,0.8,0.0,7.2,7.2,3.0,27.6,0.0,0.0,41.2,31.4,6.2,0.1,2.8,11.3,9.2,116.6,16.5,8.6,0.0,0.0,0.0,0.0,2.2,11.9,39.0,6.4,12.4,1.0,26.8,57.2,2.8
1991,4,3.8,21.0,31.0,17.4,42.1,0.3,0.0,18.7,14.7,0.0,0.0,2.0,15.2,35.6,0.3,25.3,5.6,0.0,12.8,11.3,8.0,24.0,0.9,0.7,15.4,13.3,42.6,27.6,71.4,0.3,0.0
1991,5,2.6,28.2,15.2,12.0,8.5,1.0,0.9,0.0,1.8,0.0,0.0,23.0,5.8,0.0,6.8,9.0,1.0,0.0,0.0,8.0,7.5,0.0,1.2,0.9,48.8,21.9,10.1,0.0,0.0,1.6,0.3
1991,6,2.0,0.6,2.5,4.6,0.2,2.4,26.2,0.3,0.0,0.0,0.0,0.0,0.0,0.0,0.0,0.0,0.5,0.0,0.0,20.4,0.0,0.3,0.0,0.2,0.0,0.0,2.1,7.2,0.0,0.0,0.0
1991,7,0.8,1.0,0.0,2.1,1.4,0.0,0.0,0.0,0.0,0.0,0.0,0.0,0.8,1.0,1.6,0.0,0.0,0.0,0.0,0.0,0.0,0.0,0.0,0.0,0.0,0.0,0.0,0.0,0.0,0.0,0.0
1991,8,1.2,0.0,0.0,0.0,0.0,0.0,0.0,0.0,0.0,0.0,0.0,0.0,0.0,0.0,0.0,0.0,0.0,4.2,6.3,0.0,0.0,0.0,0.0,0.0,0.0,3.2,0.0,0.0,0.0,0.0,0.0
1991,9,0.0,0.0,0.0,0.0,0.0,0.0,0.0,0.0,0.0,0.0,0.0,0.0,0.7,0.0,0.0,0.0,0.0,0.0,0.0,0.0,0.0,0.0,0.0,0.0,0.0,0.4,0.0,1.0,0.1,0.0,0.0
1991,10,0.0,0.0,0.0,0.0,0.0,0.0,0.0,0.0,0.9,0.0,0.0,0.0,0.0,0.1,1.0,0.0,0.0,0.0,0.0,1.9,0.0,1.5,10.4,10.2,9.3,2.2,2.2,3.2,7.1,0.0,0.0
1991,11,0.0,0.2,0.0,0.0,0.2,0.0,0.0,0.0,0.0,0.0,0.0,1.2,0.0,0.0,0.0,0.0,0.0,0.0,0.5,0.0,0.0,0.0,0.6,0.0,0.0,0.0,0.0,0.0,0.0,0.0,0.0
1991,12,0.0,0.0,0.0,0.0,0.0,0.0,0.0,0.0,0.0,0.0,0.0,0.0,0.0,0.0,0.0,0.0,0.0,0.0,0.0,0.0,0.0,0.0,0.0,0.0,5.0,0.0,0.0,0.0,0.0,0.0,0.0
1992,1,0.0,0.0,0.0,0.0,0.0,0.0,0.0,0.0,0.0,0.0,0.0,0.0,0.0,0.0,0.0,0.0,0.0,0.0,0.0,0.0,0.0,1.5,0.3,0.2,0.4,0.0,8.5,0.0,37.2,0.0,0.0
1992,2,0.0,1.6,0.0,0.0,0.0,0.0,10.9,0.0,0.0,0.6,0.0,11.6,53.4,0.0,3.0,12.8,3.3,54.7,31.4,21.7,19.8,1.6,15.9,0.0,0.0,39.5,24.1,0.0,0.0,0.0,0.0
1992,3,0.0,5.2,0.0,24.7,4.4,0.2,2.8,1.9,0.7,5.8,0.0,0.0,0.4,9.5,0.4,2.1,26.0,0.0,0.0,25.8,0.7,5.7,1.9,4.3,75.6,2.9,4.4,4.0,20.8,0.2,4.8
1992,4,30.0,0.7,7.3,1.1,6.5,12.4,32.0,27.0,12.8,0.7,0.0,0.2,1.2,11.8,8.0,35.8,0.0,0.0,29.2,0.0,0.5,0.2,0.0,0.1,0.0,0.0,0.0,0.0,0.0,0.0,0.0
1992,5,0.0,0.0,6.5,26.2,16.7,8.0,0.2,4.4,0.0,0.0,0.0,0.0,0.0,10.6,2.0,0.0,0.3,2.2,0.4,0.0,0.0,0.0,0.7,0.0,0.0,0.3,6.0,1.3,0.4,3.4,0.8
1992,6,22.8,0.8,11.4,0.5,0.9,0.3,0.0,9.6,5.9,39.3,7.0,0.0,0.0,0.0,0.0,0.0,0.0,0.0,0.0,0.0,0.0,3.8,0.0,0.4,0.3,18.6,0.0,0.0,0.0,0.0,0.0
1992,7,0.0,0.0,0.0,0.0,0.0,2.5,0.0,0.0,0.7,0.5,0.0,0.0,2.4,0.0,0.0,4.3,0.0,0.0,0.0,0.0,0.0,0.0,0.0,0.0,0.0,0.0,0.0,0.0,0.0,0.0,0.0
1992,8,0.2,0.0,0.0,0.0,1.6,0.0,0.0,0.0,3.1,7.2,1.9,3.0,3.7,2.3,0.3,1.5,2.8,0.7,0.0,0.0,0.0,0.0,0.0,0.0,0.0,0.0,0.8,0.0,1.4,0.0,0.0
1992,9,0.0,10.0,0.0,0.0,0.0,0.0,0.0,0.0,0.0,0.0,0.0,0.0,0.0,0.0,0.0,0.0,0.0,0.3,0.0,0.0,0.0,6.1,0.0,0.7,0.5,0.0,0.0,0.0,0.0,0.0,0.0
1992,10,0.0,0.0,0.0,0.0,0.0,0.0,0.0,0.0,0.0,0.0,0.0,0.0,0.4,0.0,0.0,0.0,0.0,0.0,0.0,0.0,0.0,0.0,0.0,0.0,0.0,0.0,2.6,2.8,0.6,0.0,0.3
1992,11,0.2,0.0,0.0,0.0,0.0,0.0,0.0,0.0,0.0,1.3,0.2,0.0,0.0,0.0,0.0,1.3,0.0,0.0,0.0,0.0,0.0,0.0,0.0,0.0,0.0,0.0,0.0,0.0,0.0,0.0,0.0
1992,12,0.0,0.0,0.3,0.5,0.0,0.0,0.0,0.0,0.0,0.0,0.0,0.0,0.0,0.0,0.7,0.0,0.0,0.0,0.4,0.0,0.0,0.0,0.0,0.0,0.0,0.0,0.0,0.0,0.0,0.0,0.0
1993,1,0.0,0.0,0.0,1.0,9.7,0.0,0.0,0.0,0.0,0.0,1.6,0.0,0.0,0.0,0.0,26.4,0.4,3.6,0.0,0.0,0.0,0.0,0.0,0.5,0.0,0.0,0.0,0.0,0.0,0.0,0.0
1993,2,0.0,0.1,0.0,0.0,0.0,0.0,0.0,0.0,0.0,0.0,0.0,0.0,0.0,4.2,0.0,0.0,0.8,0.0,0.0,0.0,0.0,0.7,5.9,0.4,94.0,0.0,1.4,0.3,0.0,0.0,0.0
1993,3,0.0,0.0,2.6,1.8,0.3,0.1,0.0,0.1,0.0,0.0,0.6,0.3,3.4,0.8,0.7,0.0,6.5,0.7,0.2,0.8,0.0,0.0,10.4,12.0,0.6,25.2,42.8,0.7,55.6,31.0,1.4
1993,4,8.6,1.0,0.0,0.8,3.6,1.1,1.0,9.6,0.0,0.0,0.0,0.0,0.0,1.5,17.8,33.6,3.8,0.9,1.6,0.3,0.0,10.8,28.6,0.0,36.4,61.4,3.0,0.0,3.2,2.7,0.0
1993,5,46.0,3.2,4.5,1.6,3.2,0.0,0.0,0.0,0.0,0.0,0.0,0.2,0.0,0.0,0.0,0.0,5.4,0.0,7.8,26.4,19.6,9.6,3.8,0.0,0.0,0.4,0.0,0.0,0.0,0.1,0.0
1993,6,0.0,0.0,0.0,0.0,0.0,0.0,2.1,0.0,0.0,17.4,34.5,0.0,0.1,0.2,0.0,0.0,0.0,0.0,0.0,0.0,0.0,0.0,0.0,0.0,0.0,0.0,16.4,0.0,0.0,0.2,0.0
1993,7,0.0,0.0,0.0,0.0,0.0,0.0,0.0,0.0,0.1,106.3,42.1,1.2,1.2,13.5,0.0,1.0,0.0,0.0,0.0,0.0,0.4,0.0,0.0,0.0,0.0,0.0,3.8,0.6,0.0,0.0,10.1
1993,8,11.4,4.1,0.0,0.0,0.0,0.0,0.0,0.0,0.0,0.0,1.0,2.4,0.7,2.4,3.0,0.0,0.0,5.3,0.0,1.2,0.0,0.0,0.0,0.0,0.0,0.0,0.0,0.0,0.0,0.0,0.0
1993,9,0.0,0.0,0.3,0.0,0.0,0.0,0.0,0.0,0.0,7.8,1.8,0.0,1.5,0.2,0.2,0.0,0.0,0.0,0.0,0.0,0.0,0.0,0.0,0.0,0.3,0.0,0.0,0.0,0.0,0.0,0.0
1993,10,0.0,0.2,0.4,0.9,0.0,0.0,0.0,0.3,0.0,0.0,0.0,0.0,0.0,0.6,0.0,0.0,0.0,2.5,0.4,0.0,0.0,0.0,0.0,0.0,0.0,0.0,0.6,0.0,0.0,0.0,0.0
1993,11,0.0,0.0,0.0,0.0,0.0,0.3,0.0,0.0,10.0,0.0,0.0,0.0,0.1,0.0,1.5,0.0,0.0,0.0,0.0,0.0,0.0,0.6,0.0,0.2,0.0,0.0,0.0,0.0,0.0,0.0,0.0
1993,12,0.0,0.0,0.0,0.0,0.0,0.0,0.0,0.0,0.0,9.8,0.1,0.0,0.0,0.0,0.0,0.7,0.0,0.0,0.0,0.0,0.0,0.0,0.0,0.0,0.0,3.0,0.0,3.0,0.0,0.0,0.0
1994,1,8.4,21.6,2.5,4.2,5.2,12.9,0.0,0.0,0.0,0.0,0.0,0.0,1.8,0.0,14.2,0.0,0.2,0.0,0.0,1.6,0.5,5.6,0.1,0.0,0.0,0.0,0.0,17.0,13.4,0.0,7.0
1994,2,0.0,0.0,0.0,0.0,0.0,21.8,8.3,3.8,6.2,24.5,55.6,27.6,15.1,3.2,12.0,6.2,4.9,6.1,0.0,0.0,1.3,1.0,0.0,0.0,7.6,6.1,1.2,39.8,0.0,0.0,0.0
1994,3,9.2,7.7,0.3,0.6,0.5,0.0,0.0,0.0,23.3,2.4,0.0,4.4,2.6,12.5,42.8,23.2,0.8,0.2,46.0,5.6,10.3,16.8,3.8,21.6,32.9,12.4,3.6,15.1,34.3,72.1,0.0
1994,4,8.2,50.0,7.8,2.6,3.8,17.4,21.6,16.4,4.0,10.8,0.0,8.4,15.2,25.7,53.8,0.0,0.0,4.3,8.4,9.0,26.0,0.2,22.0,0.0,0.0,28.7,18.8,16.1,27.5,51.4,0.0
1994,5,0.0,33.0,0.0,3.2,0.0,0.0,0.6,13.7,35.1,16.2,3.2,7.2,16.5,12.8,30.4,57.8,5.8,0.0,10.0,21.7,22.9,7.8,8.0,6.5,0.0,1.6,0.0,2.7,0.0,9.4,0.2
1994,6,0.0,4.6,9.0,3.0,5.4,0.0,22.5,20.3,0.0,1.2,1.6,0.0,33.2,75.4,1.1,12.2,48.0,11.0,1.2,6.3,6.0,49.9,52.6,9.6,44.2,40.4,73.6,19.3,35.0,7.0,0.0
1994,7,3.8,0.0,5.2,2.0,0.0,0.0,0.0,13.2,0.2,8.2,0.0,0.0,0.3,0.0,19.1,26.9,0.5,9.6,18.0,3.4,0.0,0.0,0.2,0.0,0.0,7.1,10.5,0.0,0.0,0.0,0.0
1994,8,0.0,0.0,0.0,0.2,0.0,1.2,0.0,0.0,0.0,2.6,0.0,0.2,0.0,0.0,0.0,0.0,0.0,1.6,5.4,0.0,0.0,0.0,0.0,0.0,3.6,0.0,0.0,0.6,0.0,0.0,0.0
1994,9,0.0,0.0,0.0,0.4,0.4,0.4,0.0,0.0,0.3,1.4,0.0,0.0,1.5,0.0,8.2,3.0,0.0,0.0,0.0,0.0,0.0,0.0,0.0,0.0,0.0,0.0,0.0,0.4,0.0,0.0,0.0
1994,10,0.0,1.5,0.0,0.0,0.0,1.7,1.5,0.0,0.0,0.0,0.0,0.0,0.0,0.0,0.0,0.0,0.0,0.0,0.0,0.0,0.0,4.8,0.0,0.0,0.0,0.0,0.0,0.0,0.0,0.0,0.0
1994,11,0.0,0.0,0.0,0.7,0.0,0.0,0.0,0.0,0.0,0.0,0.0,0.0,0.0,1.8,0.0,0.0,0.0,0.0,0.0,0.0,0.0,0.0,0.0,0.2,0.0,0.0,0.0,1.0,0.6,0.0,0.0
1994,12,0.4,0.0,0.0,0.0,0.0,0.0,0.0,0.0,0.1,0.0,0.0,0.0,0.0,0.0,0.0,0.0,0.0,0.0,0.0,0.0,0.0,1.8,0.0,0.6,2.8,0.6,6.7,26.8,7.0,7.3,0.6
1995,1,0.0,0.0,0.0,0.0,16.4,0.2,0.0,22.0,54.0,0.0,0.0,3.0,0.0,3.5,0.0,0.6,0.0,2.8,0.0,0.0,0.6,0.0,0.0,0.0,0.0,0.8,0.4,0.0,10.5,0.0,0.0
1995,2,0.0,0.8,3.4,15.9,14.0,0.0,1.1,0.0,5.5,35.0,20.4,12.6,0.0,1.7,0.0,0.0,6.4,1.5,8.8,64.2,7.5,0.0,0.0,0.0,2.3,23.9,1.4,20.4,0.0,0.0,0.0
1995,3,1.9,6.7,1.9,9.0,0.0,0.0,84.2,3.8,0.0,3.2,0.0,0.4,4.6,3.6,7.2,14.1,0.0,8.2,0.2,22.8,0.8,0.0,0.0,33.4,17.0,105.0,0.0,15.4,11.2,115.6,7.3
1995,4,17.2,5.0,0.0,11.2,10.3,113.6,9.0,45.2,18.7,21.0,35.6,15.6,16.9,11.2,35.4,22.1,20.4,17.4,19.5,23.4,22.8,10.4,36.4,3.0,1.0,13.8,56.0,3.0,14.8,22.7,0.0
1995,5,13.8,17.3,16.8,1.1,0.2,1.0,17.9,6.4,0.0,0.0,0.0,0.6,8.5,2.3,0.0,26.8,28.3,30.0,11.0,0.0,17.7,35.8,0.0,0.0,2.8,0.0,0.2,13.5,6.0,19.8,72.0
1995,6,2.3,0.0,16.6,0.6,5.0,0.0,49.0,0.8,0.0,0.0,0.0,3.7,0.0,0.5,0.0,17.7,1.4,0.0,0.0,0.6,4.8,44.6,0.0,1.8,0.0,1.8,3.8,0.0,1.8,0.0,0.0
1995,7,0.8,24.2,12.8,4.2,4.8,1.8,0.0,0.0,8.5,0.9,0.0,0.0,0.0,0.0,0.0,0.2,4.8,0.0,0.0,0.0,0.0,0.0,2.4,10.2,2.2,0.0,2.8,2.8,0.0,0.0,3.2
1995,8,0.0,0.0,0.0,0.0,0.0,0.0,0.0,0.0,0.0,0.0,0.0,0.0,0.0,0.0,0.0,0.0,0.0,0.0,0.0,0.0,0.0,0.0,0.0,0.0,0.0,0.0,0.0,0.0,0.0,0.0,0.0
1995,9,0.0,0.0,0.0,0.0,0.0,0.0,0.0,0.0,0.0,0.0,0.0,0.0,0.5,0.6,0.0,0.0,0.0,0.0,0.0,0.0,0.0,0.0,0.0,0.0,0.0,0.0,0.0,0.0,0.0,0.0,0.0
1995,10,0.0,0.0,0.0,0.0,0.0,0.0,0.0,0.0,0.3,0.0,0.0,0.0,0.0,6.8,0.2,0.0,0.0,0.0,1.0,0.0,0.0,0.0,0.0,0.0,0.0,5.0,0.0,0.0,0.0,3.4,0.0
1995,11,0.0,0.0,0.0,0.4,6.8,8.0,5.6,0.0,0.0,0.0,3.8,2.3,0.2,0.0,0.0,0.0,0.0,1.5,0.0,0.0,0.0,0.2,4.6,2.4,0.0,0.0,0.0,0.0,0.0,1.0,0.0
1995,12,0.0,0.0,2.8,0.0,0.0,0.0,0.0,0.0,0.0,0.0,0.0,0.0,0.0,0.0,0.0,0.0,0.0,0.0,0.0,0.0,0.0,0.0,0.0,0.0,0.0,0.4,0.0,0.0,0.0,0.8,0.0
1996,1,1.1,0.0,0.0,0.0,13.4,20.8,0.0,2.5,0.5,0.0,0.0,0.0,0.6,4.0,2.4,0.0,12.6,3.8,1.3,0.0,0.0,29.1,0.6,0.2,0.0,0.7,0.0,0.0,0.0,0.0,4.6
1996,2,7.8,0.0,0.2,0.0,0.0,0.2,0.6,0.8,0.0,0.0,0.0,0.0,2.5,27.0,1.6,1.4,11.2,0.2,27.8,14.7,0.0,0.0,0.0,38.2,9.0,65.5,0.0,10.7,0.0,0.0,0.0
1996,3,0.2,1.3,17.6,14.8,16.2,14.6,6.2,3.2,1.0,0.6,109.4,77.6,0.0,14.8,0.0,18.0,23.2,42.0,12.4,12.4,0.6,0.0,0.0,0.0,0.0,5.6,55.7,46.8,0.0,19.0,5.0
1996,4,32.8,8.1,38.6,81.8,6.9,0.8,0.0,14.6,9.3,44.0,20.5,0.8,27.4,40.8,22.8,4.2,16.7,0.0,9.2,3.0,1.0,0.0,1.2,4.8,0.0,28.5,5.1,1.4,1.2,23.6,0.0
1996,5,6.8,0.2,6.2,58.1,0.0,2.7,2.4,0.0,1.6,5.3,0.0,0.0,0.0,16.6,9.8,11.3,2.8,13.8,2.6,0.4,1.9,4.2,0.0,7.2,21.2,3.0,44.0,0.0,3.4,10.8,4.6
1996,6,2.7,13.1,7.4,0.0,0.0,0.0,3.6,0.4,0.0,0.0,0.0,0.0,0.5,0.0,0.0,0.0,0.0,0.0,0.0,0.0,0.0,1.2,6.2,0.0,3.0,0.0,3.1,4.2,0.0,0.0,0.0
1996,7,0.0,0.0,0.0,0.0,0.0,0.0,0.0,0.0,0.0,0.0,0.0,0.0,7.5,0.0,5.0,0.0,0.0,7.4,0.0,7.2,0.0,0.1,0.4,0.0,0.0,0.0,0.0,0.0,0.0,0.0,0.0
1996,8,0.0,0.0,32.0,2.6,8.8,0.0,0.0,0.0,1.4,0.3,0.0,0.0,0.0,0.0,0.0,0.0,0.0,16.4,2.9,0.0,0.0,0.0,0.0,0.0,0.0,0.0,0.0,1.2,0.3,0.0,0.0
1996,9,0.0,0.0,0.0,0.0,0.0,0.0,0.0,0.0,0.6,0.0,0.0,0.0,1.6,0.0,0.0,0.0,1.2,0.0,0.8,0.0,0.0,0.0,1.0,1.6,0.0,0.0,0.0,0.4,0.0,0.0,0.0
1996,10,0.0,0.0,0.0,0.0,0.0,0.0,0.0,0.1,1.9,0.0,0.0,1.2,3.6,0.0,0.0,0.0,0.0,0.0,4.2,0.2,0.0,0.0,0.3,0.0,0.5,0.0,0.0,0.0,0.0,0.0,0.0
1996,11,0.0,2.4,0.0,0.0,0.0,0.0,1.4,0.0,0.0,0.1,0.0,0.0,0.0,0.0,0.0,2.5,0.0,0.0,0.0,0.0,0.0,0.0,0.0,0.0,0.0,0.0,0.0,0.0,0.0,0.0,0.0
1996,12,0.0,0.0,1.0,0.0,1.0,0.0,0.0,0.0,0.0,0.0,0.0,0.0,0.0,0.0,0.0,0.0,4.4,0.0,0.0,0.0,0.0,0.0,0.0,1.2,0.0,0.0,0.0,4.0,5.2,0.3,0.8
1997,1,0.0,1.3,0.0,0.0,0.3,0.0,0.0,0.0,0.0,0.0,0.0,0.6,0.0,0.0,0.0,0.0,0.0,0.0,0.0,3.5,0.0,0.8,0.0,0.0,0.0,0.0,0.0,0.1,0.6,0.4,0.0
1997,2,0.0,3.0,0.0,8.0,0.6,0.0,1.6,0.2,0.4,5.8,2.5,0.0,0.0,1.2,3.9,0.0,0.0,4.4,3.0,0.0,0.0,13.4,0.8,0.0,0.0,0.0,0.0,0.0,0.0,0.0,0.0
1997,3,0.3,0.0,0.2,19.8,0.0,3.5,0.0,0.0,1.0,0.2,0.0,0.2,0.0,0.4,0.2,0.0,0.0,0.0,0.0,0.0,0.0,1.2,8.6,0.0,20.9,94.4,2.3,0.2,36.2,0.0,0.0
1997,4,0.0,7.8,2.6,41.4,23.5,2.6,14.2,23.4,0.0,10.5,34.2,2.0,19.6,41.4,18.4,0.0,0.0,0.0,0.0,0.0,0.5,2.2,1.2,162.0,108.9,3.7,7.2,1.2,5.6,6.1,0.0
1997,5,6.0,20.2,4.6,28.0,6.5,14.8,6.4,4.9,0.5,1.0,20.2,2.2,23.0,0.0,25.8,6.1,1.0,0.3,43.2,0.4,0.1,3.1,0.4,6.8,11.4,3.4,0.2,0.0,0.8,0.0,0.0
1997,6,0.0,0.8,0.6,0.0,0.0,0.0,0.0,0.8,0.0,0.0,0.0,0.0,0.0,0.0,0.0,0.0,1.4,0.3,0.0,0.0,1.0,0.0,0.0,0.1,0.0,0.0,0.0,0.2,0.0,7.2,0.0
1997,7,4.6,0.0,0.0,2.8,0.2,0.0,0.0,0.0,0.0,2.6,0.0,0.0,0.0,0.0,0.0,0.0,0.0,0.0,0.0,0.0,2.8,0.0,0.0,0.0,0.0,0.0,0.0,0.0,0.0,1.2,1.0
1997,8,6.6,3.8,0.0,0.0,0.0,0.0,0.0,0.0,0.0,0.0,0.0,1.4,0.3,0.0,0.0,0.0,4.0,0.4,0.0,0.0,0.0,0.0,0.0,0.0,0.0,0.0,0.0,0.0,0.0,0.0,0.0
1997,9,0.0,0.0,0.0,0.0,0.0,0.0,0.0,0.0,0.0,0.0,0.0,0.0,0.0,0.0,0.0,0.0,0.0,0.0,0.0,0.0,0.0,0.0,0.0,0.0,0.0,0.0,0.0,0.0,0.0,0.0,0.0
1997,10,0.0,0.0,0.0,0.0,0.0,0.0,0.0,0.0,0.0,0.0,0.0,0.0,0.0,0.0,0.0,0.0,0.0,0.0,0.0,0.0,0.0,0.0,0.0,0.0,0.0,0.0,0.0,0.0,0.0,0.0,0.0
1997,11,0.0,0.0,0.0,0.0,0.0,0.0,0.0,0.0,0.0,0.0,0.0,0.0,0.0,0.0,0.0,0.0,3.8,33.0,0.0,0.0,0.8,0.0,0.0,0.0,0.0,0.0,0.0,0.0,0.0,0.0,0.0
1997,12,0.0,0.0,0.0,0.0,0.0,0.0,0.0,0.0,0.0,0.0,0.0,0.0,0.0,0.0,0.0,0.0,0.0,0.0,0.0,4.8,20.0,0.3,0.0,9.0,0.0,0.0,0.0,0.0,0.0,0.0,0.0
1998,1,0.0,1.6,0.8,0.5,0.0,0.0,0.0,0.0,0.0,2.0,38.2,0.0,0.0,9.2,1.0,1.0,3.2,0.0,3.8,1.0,35.2,7.8,0.6,0.0,11.0,1.2,4.4,25.0,11.4,21.8,2.6
1998,2,1.6,1.8,21.0,31.8,2.6,0.0,0.5,0.5,0.0,0.0,0.0,0.0,0.0,0.0,3.8,0.0,0.0,10.0,3.0,0.0,0.0,0.0,0.0,0.5,0.0,0.0,0.3,6.8,0.0,0.0,0.0
1998,3,2.2,0.9,8.8,3.4,2.4,0.8,0.2,10.2,14.2,55.0,8.4,1.4,10.6,0.0,0.0,3.4,7.0,0.5,13.6,0.0,10.0,41.1,80.6,10.2,0.0,2.4,0.0,5.0,16.0,0.0,34.0
1998,4,4.0,0.0,12.8,5.4,0.0,0.0,0.0,0.0,7.8,0.0,0.0,0.0,15.6,19.0,0.0,0.0,31.4,0.0,6.8,0.0,0.0,0.0,0.0,2.0,2.5,2.6,3.0,16.8,15.2,6.2,0.0
1998,5,0.0,0.0,6.0,3.2,0.0,0.0,6.2,17.0,33.2,0.0,13.0,0.0,0.0,0.0,0.0,1.5,0.0,0.0,6.3,0.0,0.0,3.3,7.1,0.0,0.0,0.0,0.0,5.4,1.2,0.0,0.0
1998,6,0.0,0.0,0.0,0.0,1.2,0.0,0.0,0.0,0.0,0.9,0.0,0.0,9.8,2.5,0.0,17.4,0.0,10.0,0.0,14.6,4.0,0.0,0.0,0.0,5.8,0.4,0.0,0.0,0.0,0.0,0.0
1998,7,0.0,0.0,0.0,0.0,0.0,0.0,0.0,0.0,0.0,0.0,0.0,0.0,0.0,0.0,0.0,0.0,0.0,0.0,2.0,2.0,0.0,0.0,0.0,0.0,0.0,0.0,0.0,0.0,0.0,0.0,10.7
1998,8,0.0,0.0,0.0,0.0,0.0,0.0,0.0,0.0,0.0,0.0,0.0,0.0,1.2,5.6,0.2,2.4,0.0,0.0,0.0,0.0,0.0,0.0,0.0,0.0,10.0,0.0,0.0,0.0,0.0,0.7,0.0
1998,9,0.0,1.9,0.0,0.0,2.6,0.0,0.0,0.0,0.0,0.0,0.0,0.0,0.0,0.0,0.9,0.0,0.0,0.0,0.0,0.0,0.0,0.0,0.0,0.0,0.0,0.0,0.0,0.0,0.0,0.0,0.0
1998,10,0.0,0.0,3.0,0.0,0.0,0.0,0.0,3.0,0.0,0.0,0.0,0.0,0.0,0.0,0.0,0.0,0.0,0.0,0.0,0.0,0.0,0.0,0.0,0.0,0.0,0.0,2.4,0.0,0.0,4.4,0.0
1998,11,0.0,0.0,0.0,0.0,0.0,0.0,0.0,0.0,0.0,0.0,0.0,0.0,0.0,0.0,0.0,0.0,0.0,0.0,0.0,0.0,3.6,0.0,0.0,0.0,0.0,0.2,0.0,0.0,0.0,0.0,0.0
1998,12,0.0,0.0,0.0,0.0,0.0,0.0,0.0,0.0,0.0,0.0,0.0,0.0,0.0,0.0,1.8,0.4,1.6,0.2,0.0,0.0,0.0,0.0,0.0,0.0,0.0,0.0,8.0,0.0,3.1,9.6,0.0
1999,1,0.0,0.0,0.0,0.0,0.0,0.0,0.0,0.0,7.8,0.0,0.0,0.0,0.0,0.0,0.0,0.0,0.0,0.0,12.2,0.0,0.0,16.8,0.0,0.0,4.8,3.6,0.0,0.0,0.0,1.4,1.0
1999,2,0.0,0.0,0.0,6.6,3.6,3.2,0.5,0.0,0.0,2.1,0.0,0.0,2.0,0.0,0.0,0.0,0.0,10.2,0.0,0.0,0.0,9.8,20.9,48.5,31.8,1.2,14.1,2.1,0.0,0.0,0.0
1999,3,0.0,35.2,5.2,7.0,0.3,0.5,0.0,16.5,2.8,0.0,1.8,6.0,13.8,14.0,2.8,1.0,2.4,4.6,48.0,4.6,0.6,0.0,11.8,38.4,0.4,6.0,13.8,0.0,2.2,8.8,0.0
1999,4,2.6,0.0,0.0,0.0,18.9,20.0,0.0,0.0,0.0,0.0,4.8,1.6,1.2,11.8,23.3,9.0,0.0,0.0,0.0,0.0,0.0,23.9,8.0,43.0,3.8,8.8,44.2,59.8,13.2,25.8,0.0
1999,5,74.2,6.8,0.0,5.0,17.0,30.9,23.4,33.8,0.0,47.1,20.6,12.0,0.0,0.6,24.4,11.4,41.1,14.3,0.0,5.0,0.0,13.2,14.2,6.4,0.0,0.0,0.4,0.4,1.4,0.0,0.0
1999,6,1.0,0.0,0.0,3.2,5.2,0.0,0.0,0.0,0.0,0.0,5.4,0.0,0.0,0.0,0.0,0.0,0.0,0.0,0.0,4.0,0.0,0.0,0.0,0.0,3.4,12.3,0.0,0.0,0.0,0.0,0.0
1999,7,0.0,0.0,0.0,0.0,0.0,0.4,3.0,0.6,0.0,0.0,0.0,0.0,0.0,0.0,0.0,0.0,0.0,0.0,0.0,0.0,0.0,0.0,0.0,0.0,0.0,0.1,0.0,0.6,0.0,0.1,0.0
1999,8,0.0,0.0,0.0,0.0,0.0,0.0,0.0,0.0,0.0,0.0,0.0,0.0,0.0,0.0,0.0,0.0,0.0,0.0,0.0,0.0,0.0,0.0,0.2,0.0,0.0,0.0,0.0,0.0,0.0,6.9,0.0
1999,9,0.8,0.0,0.0,0.0,0.0,0.0,0.0,0.0,0.0,0.0,0.0,0.0,34.2,9.2,0.4,0.8,0.0,0.0,0.0,0.0,0.0,0.0,0.8,0.0,0.8,1.8,0.0,0.0,0.0,0.0,0.0
1999,10,0.6,0.0,0.0,4.8,0.0,0.0,0.0,0.0,1.1,0.0,0.0,0.1,2.0,0.0,0.0,0.0,0.0,0.0,0.0,0.0,0.6,0.0,0.0,0.0,0.0,0.0,0.3,0.0,0.0,0.0,0.0
1999,11,0.0,0.0,1.4,0.0,0.0,0.0,0.0,0.4,0.0,0.0,0.0,0.0,0.0,0.0,0.0,0.0,0.0,0.0,0.0,0.0,0.0,0.0,0.0,0.0,0.0,0.3,0.0,0.0,0.0,0.0,0.0
1999,12,0.0,0.0,0.5,10.5,0.0,0.0,0.4,0.0,1.6,0.0,0.0,0.5,1.9,0.0,0.0,0.0,0.0,0.0,0.0,0.0,0.0,26.2,2.8,3.8,0.0,0.0,0.0,4.8,0.0,1.5,5.3
2000,1,0.0,0.9,8.2,39.6,19.8,19.6,13.6,0.0,13.2,19.4,6.2,0.0,0.0,1.7,0.0,0.0,9.7,34.7,0.0,0.0,0.4,1.2,0.7,0.0,0.0,0.0,0.0,0.0,0.0,0.0,0.0
2000,2,0.0,0.0,0.0,0.0,0.0,0.0,0.0,0.0,0.0,0.0,0.0,0.0,0.0,0.0,4.4,0.0,31.6,24.5,0.0,8.1,4.5,0.0,11.9,4.8,7.9,0.0,10.2,6.2,1.8,0.0,0.0
2000,3,7.9,2.2,0.6,0.0,0.0,0.0,0.0,0.0,5.5,21.8,23.9,11.3,0.8,1.4,4.0,0.0,0.0,17.5,13.8,0.0,3.9,0.0,3.9,23.7,13.3,2.0,8.3,34.5,45.1,8.7,20.0
2000,4,17.4,6.5,9.4,0.0,17.6,10.1,14.9,17.2,10.0,5.1,6.7,0.2,9.0,43.0,26.7,0.0,0.0,0.0,17.7,6.7,18.0,9.7,0.0,17.3,5.3,1.7,6.4,5.3,33.4,36.5,0.0
2000,5,3.4,9.0,8.4,0.0,44.5,22.6,0.0,0.1,0.0,1.7,0.0,0.0,0.0,16.6,5.3,0.0,10.5,0.9,0.1,0.0,0.0,0.0,0.0,3.3,0.0,0.0,0.0,0.0,0.0,15.3,10.5
2000,6,11.3,0.0,0.0,0.0,0.0,0.0,0.0,0.0,0.0,0.0,0.0,0.1,0.0,5.5,14.9,7.5,22.8,0.0,0.0,9.8,0.0,0.7,0.0,0.0,0.0,0.0,3.0,0.6,0.0,1.3,0.0
2000,7,1.5,2.4,0.1,0.0,0.0,0.0,0.0,0.0,0.0,4.3,12.2,46.3,86.0,0.0,3.0,0.0,0.0,3.4,0.0,0.0,10.2,3.2,0.0,0.0,0.0,2.2,5.2,24.2,0.0,0.0,0.0
2000,8,8.1,50.2,15.2,0.0,0.0,3.2,22.8,5.8,11.2,1.8,0.0,0.0,0.0,0.0,0.0,0.0,0.0,0.0,0.0,0.0,0.0,0.0,0.0,0.8,10.9,0.0,0.0,0.0,0.0,0.0,0.0
2000,9,0.0,0.0,0.0,0.0,0.0,0.0,0.0,2.2,11.2,37.3,7.3,9.8,25.3,0.0,8.4,12.2,3.0,0.0,2.2,0.0,0.0,0.0,0.0,6.8,20.8,12.8,4.2,2.2,0.0,0.0,0.0
2000,10,0.0,0.0,0.0,0.0,0.0,0.0,0.0,0.0,0.0,0.0,0.0,0.0,0.0,0.0,0.0,0.0,0.0,0.0,0.0,0.0,0.0,0.0,0.0,0.0,0.0,0.0,0.0,0.0,0.0,0.0,0.0
2000,11,0.0,0.0,0.0,0.0,0.0,0.0,0.0,0.0,0.0,0.0,0.0,0.0,0.0,0.0,0.0,0.0,0.0,0.0,0.0,0.0,0.0,0.0,0.0,0.0,0.0,6.2,0.0,0.0,0.0,0.0,0.0
2000,12,0.0,0.0,0.0,0.0,0.0,0.0,0.0,0.0,0.0,0.0,0.0,0.0,0.5,0.0,6.2,0.0,0.0,0.0,0.0,0.0,0.0,0.0,0.0,0.0,0.0,0.0,0.0,0.0,0.0,0.0,0.0
2001,1,0.0,0.0,0.0,7.2,0.0,0.0,7.3,41.0,0.0,6.2,0.0,0.0,33.4,0.0,0.0,5.4,0.0,0.0,0.0,0.0,0.0,10.4,0.0,0.0,0.0,0.0,0.0,0.0,0.0,0.0,0.0
2001,2,0.0,12.1,0.0,0.0,0.0,0.0,0.0,0.0,0.0,0.0,1.8,6.9,6.2,0.0,0.0,0.0,0.0,0.0,0.0,0.0,5.2,0.0,4.2,0.0,1.2,8.2,1.8,0.0,0.0,0.0,0.0
2001,3,11.2,0.0,0.0,0.0,5.2,0.0,0.0,1.3,0.0,2.4,0.0,22.2,33.0,0.0,13.8,0.0,0.0,0.0,0.0,14.0,0.0,9.2,1.2,0.0,16.2,3.2,0.0,14.1,43.0,4.0,0.0
2001,4,34.0,11.2,20.3,35.4,17.2,0.0,62.4,14.0,16.9,36.8,124.2,0.0,0.0,51.2,27.8,15.4,3.4,3.1,46.1,102.4,28.0,36.6,2.1,0.0,6.2,0.0,7.0,40.4,28.3,47.1,0.0
2001,5,0.0,0.0,0.0,0.0,0.0,0.0,0.0,0.0,0.0,0.0,0.0,0.0,0.0,0.0,0.0,0.0,0.0,0.0,0.0,0.0,0.0,7.2,0.0,6.3,28.2,15.3,0.0,0.0,0.0,4.8,0.0
2001,6,0.0,23.8,0.0,22.8,87.0,0.0,14.0,0.0,15.1,0.0,0.0,5.1,0.0,0.0,0.0,0.0,0.0,0.0,0.0,0.0,0.0,0.0,21.1,0.0,0.0,0.0,0.0,0.0,0.0,0.0,0.0
2001,7,39.8,0.0,0.0,11.4,0.0,0.0,0.0,0.0,0.0,0.0,0.0,0.0,6.8,0.0,0.0,0.0,0.0,0.0,0.0,0.0,19.2,0.0,0.0,0.0,0.0,0.0,0.0,0.0,0.0,0.0,0.0
2001,8,0.0,0.0,0.0,0.0,0.0,0.0,0.0,0.0,0.0,0.0,0.0,0.0,0.0,0.0,0.0,0.0,0.0,0.0,0.0,0.0,0.0,0.0,0.0,0.0,0.0,0.0,0.0,0.0,0.0,0.0,0.0
2001,9,0.0,0.0,0.0,0.0,0.0,0.0,0.0,0.0,0.0,0.0,0.0,0.0,0.0,0.0,0.0,0.0,0.0,0.0,0.0,0.0,0.0,0.0,0.0,0.0,0.0,0.0,0.0,0.0,0.0,0.0,0.0
2001,10,0.0,0.0,0.0,0.0,0.0,0.0,0.0,0.0,0.0,0.0,0.0,0.0,0.0,0.0,0.0,0.0,0.0,0.0,0.0,0.0,0.0,0.0,0.0,0.0,0.0,0.0,0.0,0.0,0.0,0.0,0.0
2001,11,0.0,0.0,0.0,0.0,0.0,0.0,0.0,0.0,0.0,0.0,0.0,0.0,0.0,0.0,0.0,0.0,0.0,0.0,0.0,0.0,0.0,0.0,0.0,0.0,0.0,8.2,5.8,0.0,0.0,0.0,0.0
2001,12,0.0,0.0,0.0,0.0,0.0,0.0,0.0,0.0,7.1,0.0,0.0,0.0,0.0,8.8,0.0,3.4,22.2,0.0,0.0,0.0,0.0,0.0,0.0,0.0,0.0,0.0,0.0,0.0,0.0,1.1,0.0
