1,2,3,4,5,6,7,8,9,10,11,12
0.0,51.5,49.0,2.7,147.0,0.5,0.0,0.0,0.0,2.2,0.6,0.6
0.0,26.8,35.8,1.9,16.7,90.2,0.0,24.6,17.1,0.0,0.0,0.5
0.0,18.0,43.9,37.2,12.1,0.0,0.0,0.0,0.8,0.0,0.3,0.0
0.0,1.1,2.8,33.4,4.3,0.3,0.0,0.0,0.8,1.0,0.0,0.0
0.0,26.9,0.0,0.1,4.0,0.0,0.0,0.0,0.3,5.7,0.0,6.8
0.0,0.2,32.6,4.4,0.5,0.7,0.0,0.0,6.4,3.6,0.6,19.4
0.0,6.2,2.6,36.0,0.0,5.4,1.8,0.0,0.0,0.0,0.4,0.9
0.0,7.5,13.8,3.0,11.6,0.2,0.0,0.3,0.0,0.0,0.0,0.0
0.0,2.6,83.4,7.7,4.8,0.5,3.3,0.0,0.0,0.4,0.0,0.0
0.0,0.0,68.2,65.7,11.0,0.0,1.6,0.0,0.0,6.4,0.0,0.0
0.0,7.5,1.1,2.1,4.1,5.2,0.7,0.6,2.8,0.5,0.0,2.0
0.0,0.0,53.6,3.0,0.0,0.0,0.7,0.0,1.4,0.0,0.0,0.0
0.0,4.6,2.9,7.3,15.6,0.0,0.0,0.0,0.3,0.3,0.0,0.0
0.0,14.2,12.5,2.2,3.0,0.8,0.0,0.0,0.6,0.0,0.0,1.2
42.4,0.0,29.2,2.7,0.0,36.2,10.2,0.0,0.0,0.0,0.0,0.0
29.1,0.0,0.1,50.5,1.2,20.6,0.0,0.0,0.0,0.8,0.3,0.3
0.0,1.4,1.0,42.4,0.0,3.4,4.3,0.0,11.1,0.1,0.0,2.8
19.2,0.8,7.1,1.8,33.1,0.4,0.0,0.0,6.0,0.0,0.1,0.0
15.1,0.9,1.2,0.0,3.0,24.0,4.5,0.0,0.0,0.0,0.0,0.4
1.4,0.1,17.6,0.2,0.0,0.2,0.5,0.3,0.0,0.0,0.0,1.2
0.0,0.0,22.9,36.4,69.0,1.3,0.5,0.0,0.0,0.2,0.0,1.0
26.1,11.9,4.6,25.6,9.2,11.2,0.0,0.0,1.9,0.2,1.3,0.4
2.4,0.0,34.8,5.6,49.2,1.0,0.0,0.0,10.4,0.2,0.9,1.4
1.2,1.8,3.9,37.6,0.0,0.3,0.0,0.0,0.0,0.0,0.5,1.0
20.3,0.0,0.0,14.0,34.8,0.0,0.0,0.0,0.5,0.0,0.0,0.7
15.0,9.6,62.3,30.4,29.2,11.0,0.0,1.8,0.0,0.0,0.1,23.8
52.9,17.0,0.4,46.2,8.3,0.0,1.2,5.0,0.0,0.0,0.2,0.0
64.2,0.8,0.0,99.4,12.7,0.4,0.0,0.0,2.7,1.5,3.0,5.0
17.1,0.0,0.0,7.5,4.2,0.0,0.0,0.7,1.6,0.0,0.0,0.2
11.3,0.0,0.0,1.0,10.4,7.8,0.0,1.2,0.2,0.0,26.6,0.0
12.6,0.0,10.0,0.0,22.6,0.0,0.0,0.0,0.0,0.0,0.0,4.8
0.0,0.0,30.4,17.4,0.3,7.6,0.0,0.0,0.8,0.0,0.0,0.1
2.0,0.0,27.0,1.3,6.1,1.4,0.6,0.0,0.0,0.0,0.0,0.0
0.0,15.4,5.2,2.0,12.2,1.1,0.0,1.6,0.6,0.0,0.0,3.1
3.7,0.7,7.2,18.6,2.0,0.0,0.7,0.5,0.0,0.0,0.0,11.1
0.0,1.0,21.0,1.2,60.1,0.0,5.0,0.0,0.0,19.7,0.0,0.7
0.4,0.0,51.1,0.0,8.1,0.0,39.9,0.0,14.3,0.0,0.0,25.8
3.0,0.0,1.9,0.4,1.0,0.0,0.0,0.0,36.7,2.8,0.8,6.0
1.5,0.0,22.2,0.0,0.1,0.0,1.1,0.0,3.9,0.9,0.0,7.2
0.0,3.5,26.9,0.0,0.0,0.1,2.4,0.0,0.0,0.0,0.0,0.0
0.0,0.0,0.0,0.0,1.2,0.0,15.5,0.0,0.0,0.0,0.0,0.9
1.6,0.0,5.8,0.5,15.2,0.4,31.1,0.0,0.0,0.0,0.0,3.7
0.0,0.0,0.7,4.7,6.9,13.3,2.0,0.0,1.3,0.0,0.2,9.1
0.4,1.1,17.9,1.8,20.0,17.3,0.4,0.0,0.0,0.0,0.0,0.0
0.0,3.3,68.2,1.1,17.0,0.2,0.0,0.0,0.0,0.0,0.0,1.2
0.0,33.2,13.4,40.7,18.5,5.3,0.0,0.0,0.0,0.0,0.1,0.0
7.0,15.2,0.0,21.4,17.9,0.2,0.6,0.0,0.0,0.0,4.0,0.0
6.6,0.4,32.7,9.9,0.4,17.1,24.6,1.2,0.0,0.0,0.0,0.0
1.8,1.8,20.7,7.8,7.2,14.2,0.0,0.0,0.8,0.0,0.2,0.4
4.2,1.0,0.8,12.4,0.0,3.2,0.8,0.0,0.0,0.0,0.0,0.0
1.2,0.9,0.3,19.0,0.4,0.0,5.8,1.0,0.0,0.0,1.1,6.8
0.0,0.0,13.0,36.6,4.3,7.4,0.0,0.0,0.0,0.0,0.1,0.0
0.0,45.0,28.7,14.5,1.0,14.7,0.9,0.0,0.0,0.2,0.0,0.0
25.4,12.0,24.8,6.7,37.0,0.9,2.5,0.1,0.0,0.0,0.0,0.0
0.0,0.0,13.1,23.0,37.7,6.3,0.0,0.4,0.0,0.0,0.0,0.4
2.2,0.2,13.3,0.2,11.2,5.1,0.0,1.8,0.0,0.3,0.4,0.0
0.3,0.6,0.5,0.0,0.8,3.6,0.0,0.3,0.0,0.0,0.0,0.0
0.0,5.0,0.0,5.7,24.3,17.9,0.0,0.0,0.0,0.0,0.1,0.2
3.5,0.0,0.0,4.0,3.3,5.6,0.0,0.4,0.0,0.0,5.6,6.9
0.0,0.0,0.0,10.5,24.2,3.8,0.6,0.0,0.0,0.0,0.0,0.5
20.2,0.0,0.3,3.0,30.6,3.5,0.0,1.4,0.0,0.4,0.0,0.0
17.3,0.0,4.5,0.0,6.3,0.0,0.0,0.0,0.0,0.3,0.0,6.3
0.1,0.3,0.0,1.0,0.7,0.8,2.0,0.0,0.0,0.0,0.0,0.0
3.3,0.0,0.0,0.0,0.0,0.0,0.2,0.0,0.0,0.0,0.0,0.0
0.0,0.0,0.0,0.0,0.3,0.0,0.0,0.0,0.0,0.1,0.0,0.0
0.0,2.3,28.7,0.0,19.2,0.0,0.0,0.0,1.7,0.0,0.0,0.0
0.0,0.3,64.0,0.5,0.0,0.0,2.0,0.0,0.0,0.0,0.0,0.0
0.0,0.0,15.6,38.4,2.7,0.0,52.4,0.0,0.1,0.4,0.0,0.0
0.0,5.2,7.3,17.9,0.1,0.2,0.0,0.0,0.0,4.4,0.0,0.0
0.0,0.2,43.6,5.6,0.0,16.8,0.0,0.0,0.0,0.0,0.0,0.0
0.5,0.6,3.6,5.0,7.3,0.0,0.5,0.0,0.0,0.0,0.4,0.0
0.6,10.2,15.3,50.0,0.0,0.0,0.0,0.0,0.0,0.0,0.0,0.0
0.0,6.4,8.5,0.2,0.0,0.0,0.3,0.3,0.0,1.2,0.0,0.0
0.0,1.1,18.9,0.7,0.0,0.0,0.0,0.0,0.0,0.0,0.0,0.0
0.0,39.1,6.5,2.2,0.0,0.4,0.0,1.5,0.0,0.0,0.3,0.0
0.0,14.9,9.2,29.2,0.0,16.4,0.0,0.0,0.2,0.0,1.6,0.0
2.2,0.0,16.2,85.5,0.0,2.6,0.0,0.0,0.0,1.8,1.0,0.0
0.2,4.4,3.2,16.2,2.0,20.6,0.0,0.0,0.0,1.2,0.0,1.4
1.4,5.2,1.9,1.3,0.0,4.9,0.0,0.2,0.0,0.0,0.0,0.0
0.0,61.0,2.1,0.4,0.0,0.0,0.0,0.0,0.0,0.7,0.0,0.0
1.1,3.9,0.0,5.7,3.9,0.0,0.0,0.0,0.0,0.2,0.0,0.0
0.7,0.5,0.7,78.0,0.0,18.0,0.0,0.3,0.0,0.0,13.6,4.9
6.3,17.3,0.0,0.6,0.0,0.1,0.0,0.0,0.4,0.0,2.4,3.9
0.0,49.1,9.0,11.6,0.4,0.0,0.0,0.3,0.0,0.0,0.0,0.0
0.0,39.7,12.8,6.5,16.9,7.4,0.0,21.6,0.0,0.0,0.0,0.0
0.0,28.5,0.0,5.3,0.4,0.0,0.0,3.4,0.0,0.8,1.1,0.0
2.0,14.1,25.5,15.1,0.0,0.0,0.0,0.0,0.8,0.0,0.2,0.6
0.0,0.0,12.5,1.4,5.5,0.0,0.5,0.0,0.2,0.0,0.1,0.0
0.9,0.2,4.7,0.0,3.1,0.5,0.0,0.0,0.0,0.0,0.0,0.0
0.0,0.2,15.2,3.1,67.4,1.1,0.0,0.1,0.0,1.5,1.8,0.0
0.0,0.0,0.6,3.3,1.3,0.0,8.8,0.0,0.0,1.6,0.0,3.2
0.0,0.0,24.5,0.7,0.6,0.0,3.8,1.0,0.0,0.0,0.0,0.0
44.2,0.0,3.4,0.0,0.9,0.0,2.8,0.0,0.0,0.0,0.0,4.4
0.5,22.0,0.0,18.6,0.7,67.8,4.8,3.6,1.4,0.0,0.0,0.0
0.2,0.0,0.0,0.2,0.6,168.0,0.0,0.0,0.0,9.2,0.1,0.0
1.3,0.0,0.5,0.3,13.1,49.0,0.0,0.0,0.0,0.2,0.0,0.0
1.1,2.8,33.5,0.2,4.0,46.0,0.0,0.0,0.0,0.8,0.0,0.0
0.0,25.9,22.0,24.3,3.5,1.1,55.1,2.0,0.0,2.4,0.0,0.0
0.3,29.2,5.0,0.0,16.0,3.6,12.4,0.4,0.0,0.0,0.0,0.0
0.3,12.5,0.3,0.1,1.2,2.7,0.7,0.0,0.0,0.0,0.0,0.0
1.2,1.5,8.0,0.7,5.6,33.0,4.2,0.0,0.0,0.0,0.0,0.0
1.0,9.5,18.0,19.6,3.0,9.2,3.4,0.0,0.0,0.0,0.0,0.0
11.6,1.4,7.7,0.0,0.2,17.0,5.1,0.0,0.0,0.8,0.0,0.0
0.3,9.1,14.6,14.0,31.0,1.9,5.3,3.4,0.0,0.0,0.0,0.0
0.0,4.4,5.2,9.5,2.9,4.3,29.8,0.0,0.0,0.0,0.0,0.0
0.0,1.2,8.3,9.6,11.5,9.8,1.5,0.0,0.0,0.3,0.0,0.0
14.2,0.0,8.0,0.1,23.7,3.5,0.0,0.0,0.0,0.0,0.0,0.0
2.6,0.0,4.4,17.8,32.6,8.5,0.0,0.1,0.0,0.0,1.6,0.0
6.3,0.0,6.5,14.4,5.2,2.8,0.0,0.0,0.0,0.0,0.1,0.7
2.3,0.0,3.6,0.4,2.9,12.6,54.5,0.0,0.0,0.5,0.0,0.0
0.0,3.6,2.0,1.5,0.3,3.2,4.7,1.1,0.0,2.0,0.0,0.0
0.0,0.0,6.5,0.0,18.0,1.2,0.0,6.0,0.0,0.1,0.4,0.7
0.0,3.0,13.8,7.8,3.2,5.5,0.0,0.0,0.0,0.0,0.0,0.0
59.0,20.3,0.2,4.4,0.4,52.5,0.0,0.0,7.2,0.0,0.0,0.0
5.2,46.0,13.0,0.3,12.0,11.6,0.0,0.0,0.0,0.0,0.0,0.0
34.0,0.6,13.3,0.7,0.0,4.4,0.0,6.7,0.6,0.0,0.0,0.0
0.0,10.3,0.6,2.2,2.8,2.4,0.0,0.0,0.0,0.0,0.0,0.0
0.0,6.6,0.0,25.5,0.0,3.2,40.0,0.8,0.0,0.0,0.6,0.0
7.8,0.0,7.0,32.8,0.0,0.0,14.6,1.1,0.0,1.8,0.0,0.0
79.3,3.0,3.8,1.3,0.0,0.0,0.0,0.0,0.5,0.0,0.0,0.0
0.0,0.5,3.0,0.0,0.0,0.0,17.2,3.7,0.0,0.0,0.0,0.0
11.7,0.0,1.0,39.8,0.0,7.6,0.4,0.0,0.0,0.0,0.0,0.0
0.0,0.0,35.5,5.1,0.0,3.6,0.0,0.0,0.0,0.0,0.0,2.0
0.6,0.0,17.5,0.0,0.0,0.0,0.0,4.5,0.0,0.2,0.0,0.0
0.0,0.0,25.0,11.2,3.0,13.2,12.0,0.0,0.2,0.0,0.0,3.3
1.0,0.0,35.6,3.4,0.3,0.0,0.0,0.0,0.5,0.0,0.0,0.0
0.0,0.5,1.5,0.8,0.4,2.2,0.0,0.0,0.0,0.0,0.0,18.2
0.0,0.2,6.0,1.8,0.0,0.0,6.8,0.0,3.3,0.0,0.0,0.0
0.0,0.0,0.0,0.0,0.0,0.0,11.7,0.0,5.4,0.0,0.0,19.0
6.3,0.0,0.0,0.8,0.0,0.0,22.0,0.0,9.0,0.6,0.0,0.2
1.4,0.0,0.0,5.3,0.2,0.0,0.0,0.2,3.3,0.0,0.0,0.0
0.6,4.8,3.8,2.0,32.9,1.7,4.8,0.0,0.0,0.0,1.0,0.0
0.0,0.0,0.0,11.0,18.7,6.5,10.3,0.5,0.0,0.0,0.0,0.0
0.0,8.4,22.0,40.0,7.3,0.3,0.3,0.0,0.0,0.0,0.0,0.0
0.0,105.4,66.7,0.0,19.4,0.0,15.0,0.0,0.0,0.0,0.3,0.0
0.0,122.2,0.0,2.9,25.7,12.0,15.0,0.0,1.0,0.0,0.0,0.0
0.6,0.0,0.7,0.0,22.0,10.8,30.4,0.0,0.0,0.1,0.3,0.3
0.0,13.3,2.2,3.0,3.0,4.6,8.4,0.0,0.0,0.0,0.0,0.0
0.0,3.3,9.0,21.6,7.3,16.6,0.8,0.0,0.0,0.0,0.0,1.1
3.0,0.0,15.5,61.8,6.7,15.5,10.0,0.0,0.0,1.4,0.0,0.8
0.0,0.5,7.8,0.0,1.5,0.0,0.2,0.0,0.0,0.0,0.0,0.0
0.0,2.0,1.4,0.7,3.3,0.0,0.0,0.0,0.0,0.0,2.2,0.0
3.1,0.2,0.4,0.3,0.0,8.2,1.8,0.0,0.0,3.6,0.2,0.0
0.6,0.2,0.0,6.9,4.2,0.7,0.5,0.0,0.0,0.7,0.0,0.0
10.2,0.0,3.7,80.1,75.4,0.0,0.0,0.0,3.3,0.3,0.0,0.0
0.3,0.0,4.6,3.5,6.4,0.0,0.0,0.0,0.0,0.3,0.0,0.0
0.0,0.0,0.9,27.8,9.8,0.3,0.5,0.0,0.0,0.0,0.0,0.0
0.2,0.0,0.0,5.0,0.2,0.6,2.8,0.0,9.0,0.0,0.0,12.0
0.0,0.0,6.2,0.0,1.6,0.0,4.2,0.3,0.0,0.0,0.0,3.2
10.3,0.7,7.4,3.3,0.2,5.4,2.4,0.0,0.0,0.0,0.0,0.0
0.0,1.0,1.4,0.3,9.3,0.2,0.0,0.2,1.8,1.0,0.0,0.0
1.7,0.0,2.2,0.0,4.7,3.3,10.0,0.0,6.2,4.9,0.0,0.7
6.6,0.0,0.0,0.0,5.0,3.5,29.4,1.0,0.1,3.8,0.0,0.0
15.3,0.0,2.8,0.3,1.3,0.3,0.2,1.1,0.9,0.0,1.4,0.0
0.0,0.0,2.6,0.0,3.3,0.0,0.0,3.3,0.0,0.0,0.0,0.0
0.0,0.0,11.8,0.8,0.0,0.0,0.0,0.0,0.0,0.0,0.0,0.0
0.0,0.0,0.8,0.0,0.0,5.0,1.6,0.0,1.4,0.0,0.0,0.2
0.9,0.0,117.7,0.5,0.0,0.0,3.0,0.0,0.5,2.0,0.0,1.9
0.2,0.0,16.3,2.6,1.1,5.2,0.1,0.0,0.7,0.0,0.0,0.0
0.0,0.0,11.8,0.0,14.8,0.0,0.0,0.0,7.5,0.0,0.0,1.0
0.0,0.0,0.8,1.0,1.2,0.0,0.0,0.0,37.6,0.0,0.0,0.0
0.0,0.0,3.5,9.8,0.7,0.0,0.0,0.0,1.8,0.0,0.0,0.0
0.0,0.0,0.9,0.0,14.4,0.0,0.0,0.0,0.8,0.0,0.0,0.0
0.0,0.0,0.0,0.0,2.2,10.3,0.0,0.0,0.0,0.0,0.1,0.0
0.0,0.0,3.3,0.0,22.0,0.0,0.0,0.0,0.0,0.0,0.0,0.0
0.0,0.0,0.0,0.0,46.2,9.0,0.0,0.0,0.0,0.4,0.2,0.0
0.0,0.0,3.4,11.0,27.2,3.5,0.0,0.3,0.0,0.0,0.0,1.1
0.0,0.4,8.3,5.2,7.1,0.0,0.0,6.6,0.0,0.0,0.0,0.0
0.6,0.4,23.2,0.0,23.0,0.0,0.0,0.0,0.0,0.0,3.3,0.4
0.4,0.8,23.0,0.0,10.4,10.7,0.2,0.0,0.0,0.0,1.0,0.0
0.4,0.0,3.6,0.0,39.2,0.0,2.0,0.0,1.0,0.0,0.4,0.0
0.0,0.0,2.8,0.0,0.0,0.0,8.1,0.0,0.0,0.2,0.0,0.0
0.0,0.3,0.0,0.0,6.5,0.0,4.4,0.0,0.0,0.0,0.0,0.0
1.8,0.0,0.1,10.0,0.0,0.0,1.6,0.0,0.7,0.0,0.6,2.2
24.5,0.0,0.0,32.4,2.6,0.0,0.0,0.3,0.0,0.0,0.0,0.4
4.6,12.0,3.6,6.0,3.3,0.0,0.0,0.5,0.0,4.0,0.0,0.0
0.6,8.4,0.0,3.2,0.0,0.0,0.4,8.1,1.0,0.3,0.8,0.0
4.7,6.5,0.5,0.5,0.0,0.0,0.0,0.5,0.0,1.0,0.0,0.0
5.5,32.4,54.5,0.6,2.0,0.0,0.2,0.1,0.0,0.6,0.0,0.0
0.0,17.3,33.8,0.9,2.8,0.0,0.0,0.6,0.0,0.6,0.0,0.0
3.6,2.2,0.0,0.0,0.0,0.0,0.0,0.0,0.0,5.3,0.0,0.5
0.0,8.0,0.0,8.5,0.0,1.2,0.0,0.0,0.0,0.5,0.0,0.0
0.1,93.4,12.6,0.3,2.2,0.0,0.0,11.2,0.0,0.0,0.0,0.0
0.3,0.0,67.0,0.0,2.2,0.0,0.0,9.6,0.0,0.0,0.0,0.0
0.0,0.0,1.4,26.0,2.1,0.0,0.0,0.0,0.0,0.2,0.0,0.0
2.6,0.0,0.0,0.0,14.0,0.0,0.0,0.0,0.0,0.0,0.0,0.0
0.0,0.0,2.1,0.0,1.5,0.8,26.5,0.0,0.0,9.5,0.0,0.0
0.0,0.0,0.0,0.2,0.0,0.2,4.5,0.0,5.2,0.8,0.0,0.0
0.0,0.0,0.0,0.5,3.2,9.0,9.1,0.0,0.7,0.0,0.0,0.0
1.8,0.0,13.2,6.2,0.5,11.4,0.0,0.0,2.6,0.5,0.0,0.0
0.0,0.0,0.6,0.5,0.5,10.8,0.0,0.0,0.0,0.0,0.0,0.0
0.6,1.4,10.2,2.5,0.2,15.8,0.0,0.0,0.0,0.0,0.0,0.0
0.3,2.0,76.6,0.1,1.8,0.6,0.0,0.0,0.0,0.0,0.0,0.0
5.2,0.0,3.7,2.2,0.0,0.0,0.0,0.1,0.3,0.0,0.0,0.0
0.0,3.2,3.5,0.0,0.0,0.0,0.0,0.3,0.0,0.0,0.0,0.5
0.0,17.0,0.0,0.1,0.0,7.0,0.0,0.0,0.0,0.0,0.0,0.0
44.0,3.3,2.6,10.7,0.2,0.0,3.2,0.4,11.0,0.0,0.0,0.0
0.2,0.0,2.6,0.0,0.6,1.2,0.0,0.0,0.0,0.0,0.0,0.0
0.0,1.3,36.0,0.2,0.0,0.7,0.0,0.0,0.0,0.0,0.0,0.0
10.4,11.0,2.7,0.0,0.0,0.8,0.0,0.0,0.0,0.0,0.0,0.0
35.8,42.0,2.7,0.0,3.0,0.0,0.0,0.0,0.0,0.0,0.4,0.0
6.4,13.4,0.0,50.2,2.8,0.0,0.0,0.0,0.0,0.0,2.0,0.0
4.7,0.4,19.8,1.8,0.0,0.0,0.0,0.2,0.0,0.0,0.2,0.0
0.7,5.0,5.0,0.2,0.0,0.5,0.0,0.5,0.5,0.0,0.0,0.0
73.4,10.2,6.5,3.0,0.0,0.0,0.0,0.8,0.0,0.0,0.0,0.0
3.4,27.4,6.2,0.4,0.0,0.0,0.5,0.6,0.0,0.0,0.0,1.2
0.4,7.8,0.7,0.6,0.0,0.0,0.0,0.0,0.0,0.0,0.0,0.4
0.0,77.8,8.7,1.6,0.0,0.4,0.0,0.0,0.0,3.6,4.1,3.7
0.0,58.0,0.6,1.2,0.0,0.0,0.0,0.0,0.0,0.0,0.0,0.0
0.0,25.0,0.0,0.0,2.4,0.8,0.0,0.0,1.0,0.6,0.0,0.0
0.0,4.0,0.0,0.0,33.2,0.0,0.0,0.0,0.0,0.0,0.2,0.0
0.0,19.5,0.0,1.4,3.4,0.2,0.0,0.0,0.0,0.0,0.0,0.0
0.0,84.1,0.0,0.0,0.0,3.0,0.0,2.0,0.0,4.2,0.0,0.0
0.0,1.4,0.0,0.0,0.0,0.0,0.0,0.0,0.2,0.0,0.0,0.0
0.0,42.1,0.0,7.5,0.0,0.0,0.0,0.0,0.0,0.0,0.0,0.0
0.0,0.0,0.0,9.8,0.0,13.0,5.5,0.0,2.0,0.0,0.9,0.0
0.0,0.0,0.0,0.0,0.0,0.0,0.0,26.5,0.0,0.0,0.0,0.0
0.0,0.5,0.0,8.6,4.0,0.0,1.0,0.0,0.0,0.0,0.0,0.0
0.0,0.0,0.0,2.6,20.2,0.0,0.0,0.0,0.6,0.0,0.0,0.0
0.5,0.0,1.8,7.6,14.5,0.0,0.0,0.0,0.0,0.0,0.0,0.4
0.0,19.2,0.0,1.8,0.0,0.0,0.0,0.0,0.0,0.0,1.3,1.8
0.0,2.0,0.0,0.0,0.3,1.0,0.0,0.0,0.0,0.0,0.0,1.8
0.0,14.2,0.1,50.0,0.0,0.0,0.0,0.0,0.3,0.0,0.0,0.6
13.6,4.4,0.0,2.4,0.3,2.4,0.0,0.0,0.0,0.0,0.0,1.3
0.0,0.5,0.8,0.0,3.5,4.2,0.0,0.0,0.0,0.0,0.0,0.0
0.0,0.6,0.0,0.0,33.8,1.3,0.0,0.0,0.0,0.0,0.0,0.0
4.3,0.8,0.0,0.0,0.0,0.0,0.0,0.0,0.0,0.0,0.2,0.0
1.2,0.0,0.0,0.0,0.0,1.0,0.0,0.0,0.0,0.0,0.6,0.0
0.0,0.1,0.0,5.0,0.0,0.0,0.0,0.0,0.0,0.0,2.0,0.0
0.0,1.8,6.0,0.0,0.0,21.2,0.0,0.0,0.0,0.0,0.0,0.0
0.0,3.4,0.6,0.0,0.0,0.0,0.0,0.0,0.0,0.0,0.0,0.0
2.0,11.4,0.6,0.0,0.0,0.0,0.0,0.0,0.2,0.0,0.0,0.0
0.2,0.0,77.6,0.0,4.7,0.0,0.0,0.0,0.0,0.0,0.0,0.0
0.0,2.3,12.4,0.0,1.0,0.0,0.0,0.0,0.0,0.0,0.0,0.0
0.0,13.5,5.5,0.0,0.0,0.0,0.5,10.0,0.0,0.0,0.0,0.0
9.2,0.0,22.4,0.0,0.0,0.0,0.3,0.0,0.0,0.2,0.0,2.0
7.1,0.0,22.0,0.0,10.0,0.0,0.0,0.0,0.0,0.3,0.0,0.0
3.4,0.0,161.6,0.0,35.8,0.0,0.0,0.0,0.0,0.0,0.0,3.5
0.0,0.2,4.3,0.0,4.4,0.0,0.0,0.0,0.0,0.0,0.0,5.8
0.0,0.0,0.0,2.0,3.3,0.0,0.0,0.0,0.0,0.0,0.0,1.7
0.0,0.0,80.0,1.0,0.0,0.0,0.0,0.0,0.0,0.0,0.0,10.0
1.8,0.0,27.4,0.0,0.0,0.0,0.0,0.0,0.0,0.0,0.2,5.8
26.0,0.0,0.6,6.8,0.0,0.0,0.0,0.0,0.0,0.0,0.0,0.0
28.9,0.0,78.2,0.0,0.0,0.0,0.0,0.0,0.0,0.0,0.0,0.0
0.0,0.0,16.4,22.0,0.0,0.0,0.0,0.6,0.0,0.0,0.0,2.0
1.0,0.0,57.0,3.0,0.0,0.0,0.0,0.4,0.0,0.2,0.0,0.0
0.0,0.0,0.5,1.0,0.0,0.0,0.0,0.0,0.0,0.0,0.0,0.0
0.0,0.0,0.2,0.0,0.0,0.0,0.0,0.0,0.0,0.0,0.0,0.0
0.0,2.5,2.1,17.0,0.0,35.0,0.0,0.0,16.2,0.0,0.0,0.5
0.0,6.7,5.6,10.0,0.0,0.0,0.0,0.0,1.5,0.2,0.1,3.5
0.0,0.0,15.8,0.0,1.8,1.0,1.0,0.0,0.4,0.2,0.0,0.7
0.0,0.9,0.0,1.1,0.6,0.5,0.0,0.0,1.5,0.0,0.0,0.0
0.0,0.0,5.2,0.9,0.0,1.0,0.0,0.0,0.2,0.0,0.3,0.0
0.0,0.0,0.0,0.0,0.6,3.1,0.0,0.0,0.0,0.0,0.1,0.4
0.3,0.2,8.6,0.0,4.9,2.0,0.0,3.0,0.0,0.0,0.0,0.0
0.0,1.4,13.4,13.5,0.0,10.6,0.0,0.0,3.3,0.0,0.0,0.0
0.0,1.5,4.2,4.4,7.8,0.0,0.0,0.0,2.0,1.8,0.3,0.0
0.6,0.0,10.0,4.3,3.5,0.0,0.0,0.0,0.0,0.0,0.0,0.2
0.3,0.8,0.0,25.8,5.6,0.0,0.9,11.5,4.4,0.8,0.0,0.2
0.0,2.7,13.0,65.2,3.2,0.0,0.8,0.0,0.0,0.0,0.0,0.5
0.0,1.5,2.4,6.1,0.3,0.0,0.0,0.0,0.0,0.0,0.0,0.5
0.0,0.0,0.0,3.9,3.0,0.0,0.0,0.0,0.4,0.0,0.0,0.0
0.0,14.0,0.3,43.4,1.2,0.0,6.2,0.0,0.6,0.0,0.2,0.0
0.0,3.7,0.0,1.0,0.8,1.6,4.9,0.5,0.2,3.8,0.0,3.2
0.5,0.0,0.8,7.5,5.9,9.8,5.8,0.0,1.0,1.2,0.0,0.5
0.0,9.3,0.0,6.5,18.8,1.0,0.0,1.5,0.0,0.0,0.0,0.1
0.0,28.0,8.1,1.0,0.4,0.0,2.0,0.0,0.0,0.0,0.0,0.0
0.0,0.4,1.8,0.0,4.1,0.0,0.6,0.0,0.0,1.4,0.0,0.0
0.3,0.0,14.5,0.0,0.1,0.4,0.0,0.3,0.0,2.6,0.0,0.0
2.2,4.0,5.1,5.3,10.5,0.0,0.0,0.0,0.0,1.6,0.0,0.0
9.6,0.8,15.0,0.0,0.0,0.0,1.2,0.0,0.0,3.1,0.5,0.0
3.6,1.5,1.4,5.2,9.7,0.2,1.2,0.0,0.0,0.3,0.0,0.0
1.7,10.2,0.0,1.7,0.0,3.0,0.0,0.0,0.0,0.0,0.0,0.0
3.0,0.0,2.4,0.2,0.0,5.2,0.0,8.4,0.6,0.0,5.5,0.4
56.2,15.7,10.0,5.6,0.0,0.6,0.8,0.0,0.0,0.1,0.0,0.0
2.8,74.7,41.8,13.2,1.8,4.0,7.2,0.0,0.0,0.0,7.0,0.0
5.3,0.0,10.1,5.8,0.4,0.0,0.0,0.6,0.0,0.4,0.0,9.8
5.7,0.0,4.4,0.5,10.5,0.0,0.0,1.8,0.0,0.0,0.4,0.0
3.2,0.0,0.0,0.0,6.4,0.0,1.1,3.6,0.0,0.0,0.0,0.0
2.9,0.5,0.0,0.0,0.0,0.5,0.0,0.0,0.0,0.0,0.0,0.0
0.0,1.4,0.0,1.8,2.1,0.0,0.0,0.5,0.0,0.3,0.0,0.0
0.0,2.2,1.0,0.0,0.2,0.0,0.0,0.0,0.0,5.0,0.0,0.0
0.0,3.0,0.0,45.0,2.2,0.0,0.0,0.3,0.7,0.0,0.0,0.0
0.0,34.5,91.4,0.0,0.0,0.0,9.0,0.0,0.0,2.0,0.0,0.0
0.0,1.0,16.8,5.6,0.0,0.0,7.2,0.0,0.0,0.0,0.0,0.0
0.0,11.8,7.5,4.6,1.5,0.0,0.4,0.0,0.0,0.0,0.0,0.0
0.0,0.0,0.8,27.7,8.2,2.8,1.8,8.6,0.0,0.0,0.0,0.0
0.0,2.7,17.5,3.8,3.3,5.5,4.9,0.0,0.4,5.0,0.0,0.0
0.0,2.2,11.5,0.8,2.0,34.0,13.5,0.9,0.0,0.0,0.0,0.0
0.0,0.0,48.1,22.2,8.6,23.4,6.0,0.0,0.4,0.0,0.0,0.0
0.0,0.0,0.2,0.0,5.7,4.6,0.0,0.0,0.0,0.0,0.0,0.0
0.0,47.2,1.2,0.0,0.3,10.4,0.0,0.0,0.0,0.0,0.0,0.0
0.5,41.8,0.0,0.0,0.0,37.4,6.7,0.3,0.0,0.0,0.0,0.0
0.0,0.0,3.0,0.0,0.1,3.4,0.0,0.0,2.0,1.0,0.0,0.0
0.1,0.0,0.0,0.4,0.0,6.4,1.7,0.0,0.0,0.0,0.5,0.0
0.0,0.0,0.2,0.4,2.3,23.4,0.0,8.8,0.0,0.0,0.0,0.0
0.0,7.9,27.9,2.1,0.3,0.2,1.2,0.4,0.0,0.0,0.0,1.5
0.0,2.2,5.8,0.0,0.0,1.0,0.2,0.0,0.5,0.0,0.0,6.5
0.0,0.0,0.0,0.0,0.0,0.0,0.3,0.4,0.0,0.0,0.0,0.0
0.0,0.0,0.0,11.5,0.6,0.0,0.5,6.0,0.0,0.0,0.0,0.0
0.0,0.4,0.0,0.0,4.8,0.6,1.3,0.2,0.0,0.0,0.0,0.2
0.0,0.0,0.0,0.0,5.1,0.0,0.2,6.8,0.0,0.0,0.0,0.0
0.0,0.0,14.4,2.8,0.2,0.0,0.0,0.0,0.0,0.0,0.0,0.0
0.0,0.0,13.0,2.6,0.0,0.0,0.0,0.0,0.0,0.5,0.0,0.0
0.0,0.0,3.0,0.0,0.0,0.0,0.0,0.2,0.0,0.3,0.0,1.4
0.0,0.0,6.1,0.0,1.1,0.0,0.0,0.0,0.0,0.0,0.0,2.7
0.0,0.0,7.4,0.0,0.7,1.4,0.0,0.0,0.0,0.0,0.0,19.0
7.4,0.0,1.8,0.4,2.0,0.0,0.0,1.6,0.0,0.0,0.1,0.3
10.6,0.0,2.3,0.0,3.8,0.0,0.0,0.0,0.0,2.8,0.0,0.0
0.5,0.0,0.0,0.0,6.3,0.0,0.0,0.0,0.0,2.4,0.0,0.0
0.0,0.0,30.0,0.8,6.2,7.2,0.1,0.0,0.8,0.0,0.0,0.0
27.5,0.0,22.0,15.4,32.4,30.0,0.6,0.0,0.0,8.6,0.0,0.0
2.6,0.0,27.2,9.1,2.0,0.8,0.5,0.4,0.0,0.0,0.0,0.0
0.2,0.5,0.0,0.0,37.0,0.2,0.0,0.4,0.0,0.0,0.0,0.0
0.0,40.4,2.2,67.0,1.0,62.2,1.2,0.0,0.5,0.2,0.0,0.0
0.0,13.4,24.6,10.6,29.2,0.8,18.1,0.0,0.0,0.0,0.4,2.4
0.0,112.4,26.7,5.2,0.5,4.2,2.4,0.0,0.0,23.8,0.0,2.0
0.0,15.1,5.0,3.8,11.9,29.0,0.0,0.0,4.4,0.0,0.0,0.0
0.2,0.0,0.0,18.8,87.2,0.0,0.0,0.5,1.6,0.0,1.2,0.0
1.8,0.0,21.2,73.4,6.6,9.5,1.4,9.9,0.4,1.6,0.3,0.0
3.2,1.9,0.0,3.4,0.0,0.0,23.2,0.0,0.0,0.0,0.0,0.0
0.0,0.5,0.0,0.0,23.5,6.6,0.0,0.0,4.0,0.0,0.2,0.3
0.0,0.2,0.0,11.6,6.2,12.0,0.0,4.0,0.0,0.0,0.0,0.0
1.3,3.1,1.4,59.2,20.3,0.0,2.7,1.5,0.0,0.0,0.0,0.0
1.7,8.4,3.6,15.5,5.1,0.0,10.4,2.3,0.0,0.6,0.4,0.0
16.7,3.0,0.0,0.4,0.0,1.0,5.6,0.0,0.0,0.2,1.0,0.0
0.5,3.0,3.0,5.0,4.0,10.0,0.0,0.0,0.0,0.4,0.2,0.0
0.0,0.0,18.4,9.2,2.2,0.4,19.8,0.0,0.0,0.0,0.0,0.0
0.0,2.8,5.0,0.2,0.0,59.8,2.9,0.0,0.0,9.3,0.0,0.0
0.0,1.3,2.5,21.2,2.5,1.2,0.0,0.0,0.2,0.0,0.1,0.8
0.0,4.7,3.0,23.0,4.0,0.2,0.0,0.0,0.8,0.1,0.0,0.0
0.0,0.0,22.0,10.6,2.0,0.6,12.0,0.0,0.0,0.0,0.0,0.0
5.6,0.5,0.0,0.0,1.4,29.3,1.2,0.0,0.0,0.3,0.0,0.0
0.0,4.7,0.1,0.0,0.5,0.0,0.0,0.2,0.0,0.0,0.4,0.1
0.0,0.0,9.0,9.8,0.1,0.0,0.0,0.0,0.0,0.5,0.5,0.0
39.6,0.0,10.0,4.6,2.4,0.0,0.0,0.0,0.0,0.0,0.0,0.0
0.0,0.0,44.2,0.1,19.4,0.1,0.0,12.8,0.0,0.0,0.0,0.0
0.0,0.0,22.5,37.4,4.3,8.0,0.0,0.2,0.2,1.7,0.0,0.0
0.4,50.8,3.4,19.3,0.8,29.0,44.8,0.0,0.0,0.4,0.0,0.2
0.2,0.0,0.1,5.0,1.2,4.8,10.6,0.4,0.0,0.1,0.0,0.5
3.8,0.0,18.2,0.0,4.2,0.0,0.0,5.6,0.0,0.0,0.0,0.0
5.7,15.2,1.1,1.8,5.6,0.0,2.2,0.0,0.0,0.0,0.0,0.0
1.9,7.6,15.2,41.0,2.2,0.0,0.0,0.0,0.2,0.0,0.0,0.0
0.0,37.8,37.3,145.5,21.9,11.1,0.0,0.0,0.0,0.0,0.0,0.0
0.0,11.6,20.4,8.0,0.0,3.7,3.6,0.0,0.0,0.0,0.0,0.0
0.0,3.6,4.7,2.8,9.6,19.0,0.0,0.0,0.0,0.0,0.0,0.0
2.0,0.0,31.6,22.0,5.3,0.0,2.0,0.6,0.0,0.0,0.0,0.0
2.2,10.5,9.0,39.0,0.0,3.3,4.7,0.8,0.0,0.0,0.0,0.0
1.0,3.6,2.0,15.3,7.0,0.0,7.2,0.0,0.0,0.0,0.6,1.2
7.5,36.0,0.0,0.8,9.8,0.0,0.0,0.0,2.7,0.0,2.0,0.0
3.5,13.2,0.6,39.5,3.2,0.0,7.6,0.0,3.8,0.0,0.4,0.0
4.1,5.2,2.3,33.2,0.0,0.0,10.0,0.0,4.3,0.0,0.0,0.0
0.4,3.4,3.2,2.8,11.6,0.5,7.2,0.0,9.0,0.0,0.0,0.0
3.5,18.8,19.4,13.2,59.8,4.4,65.2,0.0,0.2,0.0,0.0,0.2
1.8,35.6,1.6,0.0,0.0,20.0,2.2,2.5,0.0,0.0,6.4,1.6
0.7,8.9,14.0,32.4,7.0,0.0,9.4,0.0,0.2,0.0,2.5,84.4
0.0,11.5,14.7,36.6,2.2,0.0,17.2,0.0,0.0,0.0,0.0,5.0
2.5,14.6,16.2,23.3,0.0,16.2,0.2,0.3,0.0,0.0,0.0,20.1
0.2,9.2,15.6,0.0,14.6,63.6,0.6,0.0,0.0,0.0,0.0,2.4
24.6,36.0,89.7,0.5,3.2,7.6,7.6,0.0,0.0,0.0,0.0,0.0
29.2,0.6,16.9,4.6,85.0,2.1,0.0,0.0,5.0,0.2,2.0,0.0
0.9,32.2,10.0,47.5,4.4,0.0,0.0,0.0,1.9,0.0,0.0,0.0
15.0,67.7,4.0,0.2,14.4,11.5,0.7,0.0,0.3,0.0,0.0,0.0
12.3,33.6,67.0,29.5,1.0,4.4,4.7,0.0,0.0,0.0,1.1,1.3
7.0,5.5,16.6,14.6,16.0,16.6,0.0,0.0,0.2,0.0,0.0,10.3
20.5,9.2,35.0,29.9,0.0,0.0,0.4,0.0,0.0,0.0,0.0,18.8
11.4,26.2,7.0,16.6,0.7,0.4,0.0,0.6,0.0,0.0,0.0,0.0
0.8,0.0,0.9,2.9,10.1,26.0,0.0,11.3,0.0,0.0,0.0,0.2
52.5,6.1,37.8,13.2,3.0,0.0,0.9,0.8,0.0,0.0,0.0,2.8
8.8,0.0,37.6,16.4,4.2,0.2,4.1,2.1,0.0,0.0,0.0,17.2
7.5,0.0,6.7,1.0,0.0,6.2,0.0,3.8,0.0,0.0,0.0,1.4
4.7,0.0,8.0,0.0,0.0,0.0,0.0,8.0,0.0,0.0,0.0,43.2
1.8,51.4,140.4,9.1,0.1,7.3,7.3,0.0,8.4,0.0,0.6,0.6
2.2,4.7,0.7,31.2,0.0,38.4,3.5,0.0,1.0,0.0,0.9,5.1
13.9,1.8,54.1,37.2,21.2,4.0,0.0,0.0,0.2,0.0,0.7,0.9
0.0,0.0,8.4,0.2,0.0,0.0,0.0,0.6,0.0,0.0,0.0,0.0
0.6,2.2,57.4,1.0,0.0,11.7,1.0,0.0,0.0,0.0,2.1,0.0
6.3,5.0,0.3,9.8,0.0,59.0,0.0,0.0,0.0,0.0,0.6,0.0
0.0,0.0,8.0,30.7,3.0,0.0,0.5,0.0,0.0,1.7,3.9,0.3
0.0,7.2,27.8,27.0,3.9,26.6,0.0,3.8,0.0,1.3,0.9,0.0
3.6,4.8,39.4,0.6,13.6,4.0,0.0,0.0,0.4,1.2,0.0,4.4
4.9,0.0,50.8,6.1,0.0,5.5,4.5,0.0,0.4,0.9,0.0,0.2
0.0,1.1,3.3,5.1,0.0,4.9,0.0,5.3,1.0,0.0,0.0,0.0
0.0,29.9,25.0,6.9,0.0,21.6,9.0,0.0,0.0,0.0,1.3,0.0
0.0,10.0,22.0,12.6,0.0,11.8,2.2,0.0,3.0,0.0,1.9,0.0
0.0,2.8,11.9,17.1,2.2,6.7,0.8,0.0,0.0,0.0,0.0,0.2
0.0,6.1,0.0,22.0,0.0,0.0,0.6,20.1,0.4,0.0,3.3,9.0
0.0,9.4,1.3,0.4,0.0,0.0,0.1,1.0,0.8,0.0,0.0,0.6
0.0,13.1,7.8,64.2,2.1,1.2,0.0,2.4,0.0,0.9,8.6,0.0
0.0,0.5,5.4,26.9,1.2,21.1,0.6,1.8,0.0,0.0,0.1,0.0
0.0,0.0,0.0,18.0,6.0,37.4,0.0,0.0,7.4,0.0,0.0,0.0
0.0,0.0,1.3,30.0,8.7,0.0,0.0,0.2,0.0,0.0,0.0,8.7
0.0,1.4,33.6,8.8,0.3,0.3,0.0,6.0,0.0,0.6,5.6,0.2
3.4,50.6,39.8,0.0,2.0,2.5,0.0,0.3,0.0,0.2,1.0,8.5
1.0,20.0,0.5,58.1,3.4,0.0,0.0,0.0,0.0,0.0,0.0,1.4
16.4,0.2,5.2,20.4,5.0,0.2,2.6,0.0,0.0,0.0,0.7,0.0
0.0,2.6,51.2,39.6,18.0,0.4,0.0,0.4,0.0,0.0,2.2,4.0
0.0,1.6,22.2,0.0,37.0,9.8,0.0,0.0,0.0,0.0,0.3,0.0
0.0,26.4,0.9,0.6,7.5,0.0,0.0,0.0,0.1,0.0,0.5,0.0
1.5,44.1,0.0,9.3,0.3,0.0,0.0,0.0,0.0,0.0,0.8,14.1
23.2,0.0,0.3,14.0,0.0,24.0,0.0,1.8,13.9,0.0,1.2,0.0
10.9,0.0,3.3,70.7,19.3,24.8,0.2,0.0,2.1,0.0,2.5,0.2
25.3,0.0,142.8,0.0,2.7,0.0,0.0,0.0,0.0,0.0,0.0,0.8
0.0,0.0,0.0,43.0,0.0,0.0,0.0,0.0,0.1,0.0,0.0,0.0
1.0,0.0,13.8,5.9,18.5,1.4,0.0,0.0,0.6,0.1,0.0,0.0
2.5,0.0,1.8,0.0,2.2,0.6,0.0,0.0,2.3,0.0,0.0,0.0
0.0,0.0,1.0,0.8,4.7,0.3,0.0,0.0,1.4,0.5,0.0,0.0
0.0,0.0,0.0,1.7,6.3,0.0,2.2,0.0,0.0,0.8,0.0,0.3
60.4,0.5,2.6,4.0,3.8,0.3,7.8,0.0,0.0,0.0,0.0,0.0
5.7,4.0,29.2,0.0,0.0,7.9,0.0,3.2,0.2,3.7,0.0,0.0
0.0,0.0,2.0,10.9,0.0,3.6,12.1,0.0,0.0,0.0,0.0,0.0
1.2,0.0,80.0,0.6,0.0,0.0,2.1,0.0,0.0,0.5,0.0,0.0
0.4,6.8,17.6,11.0,0.0,0.2,39.5,0.0,0.0,0.8,0.0,0.0
0.0,2.3,3.1,40.8,1.3,9.3,1.0,0.0,0.3,0.3,0.0,0.0
0.0,2.4,0.3,0.0,0.0,9.4,0.8,0.0,0.0,0.4,0.6,0.0
0.0,18.8,1.8,5.5,0.0,13.6,0.0,0.0,0.0,0.0,0.0,0.0
0.0,25.2,26.4,0.0,0.0,14.6,0.0,0.0,0.0,0.0,0.0,0.0
0.0,39.6,2.7,0.0,0.0,5.8,0.0,0.0,0.3,0.0,0.0,0.0
5.1,5.1,0.5,6.5,0.0,0.2,0.0,0.0,0.0,0.0,0.0,0.0
1.6,2.3,4.9,3.9,0.0,0.2,0.0,6.1,0.6,0.0,0.0,0.0
0.2,2.6,47.7,1.1,0.0,0.4,1.2,4.5,0.0,0.0,0.0,0.0
1.2,0.3,36.6,0.0,0.0,83.1,0.0,0.0,0.0,0.0,0.0,0.1
0.3,0.0,0.4,6.7,0.0,16.0,0.0,0.0,0.0,0.0,0.0,2.5
7.0,0.0,3.2,3.2,1.3,0.0,0.0,0.5,2.4,0.0,0.0,0.6
3.2,0.0,0.2,0.0,0.0,0.0,0.0,0.0,0.0,0.0,0.0,0.0
0.0,19.9,8.9,14.9,0.0,0.0,0.0,0.3,0.2,0.0,0.0,0.3
0.0,0.5,16.4,1.8,0.0,0.0,0.0,3.5,0.0,0.0,0.0,0.0
0.0,0.0,19.0,22.5,0.1,0.0,0.0,0.0,0.1,0.0,0.0,0.0
0.0,0.0,17.7,8.2,0.2,0.0,0.0,0.0,0.0,0.0,0.0,0.0
0.8,0.0,33.7,0.0,0.1,0.0,0.0,3.5,0.8,0.0,0.0,0.0
0.0,0.0,1.0,1.0,0.0,0.0,1.5,3.4,0.0,0.0,0.0,0.0
0.0,0.0,29.7,8.6,4.4,40.0,30.8,0.4,1.1,0.0,0.0,0.0
0.0,0.0,12.3,0.0,8.8,3.5,4.9,0.1,2.9,0.0,0.0,0.0
0.6,0.0,1.6,0.0,3.2,0.0,0.0,0.0,0.0,0.0,0.0,0.0
0.0,0.0,34.4,14.6,0.0,0.0,0.0,0.0,10.4,0.0,0.0,0.0
0.5,0.0,0.8,5.1,14.0,13.6,0.0,0.0,9.1,0.0,1.6,0.0
0.0,13.4,0.5,3.0,3.0,0.0,0.0,0.0,0.4,0.0,0.0,0.0
0.4,0.0,0.0,3.3,18.2,0.0,7.6,0.0,0.0,0.0,0.0,0.0
0.0,0.4,0.1,0.0,11.2,0.0,0.0,9.0,0.0,0.0,0.0,0.0
0.3,0.2,2.0,0.0,0.0,0.0,0.0,0.0,0.0,0.0,1.0,0.0
0.0,0.4,21.4,14.2,15.8,0.0,26.2,0.0,0.0,0.4,1.0,0.0
0.0,0.0,7.0,0.7,0.6,8.6,0.9,0.0,0.0,0.0,1.6,0.0
0.0,0.0,0.0,2.9,0.0,10.5,1.0,0.0,0.0,0.0,2.6,0.0
0.0,0.0,2.8,6.5,6.4,8.1,8.1,0.8,0.0,0.0,0.4,0.0
3.5,0.0,3.1,26.6,2.4,3.0,7.2,0.0,0.1,0.0,0.8,0.0
0.0,0.4,0.7,5.3,1.6,3.2,26.6,1.4,0.0,0.0,0.6,0.0
12.2,0.2,0.0,14.0,0.0,0.0,0.0,0.0,0.0,0.0,3.0,0.0
3.0,68.8,3.0,22.6,4.0,0.0,0.8,0.0,0.0,0.0,0.0,0.4
1.6,11.8,0.9,61.4,39.6,0.0,8.5,0.0,0.0,0.0,0.8,2.6
0.9,8.8,0.0,0.0,14.6,29.0,0.0,0.0,1.4,0.0,0.0,1.5
0.5,39.0,4.3,65.2,3.2,14.4,5.5,0.0,0.0,0.0,2.2,0.8
3.8,23.1,0.0,4.2,6.6,0.0,13.6,0.0,0.0,0.0,0.4,1.2
0.0,3.5,8.9,5.4,0.0,0.0,2.8,0.0,0.0,0.0,0.3,15.3
5.5,0.0,43.3,20.8,4.4,0.0,0.0,0.0,0.0,1.3,0.0,57.0
0.0,0.0,0.0,3.2,0.0,0.5,0.0,0.0,0.0,0.4,0.0,71.6
0.0,0.0,0.5,8.1,5.5,18.6,0.0,0.0,0.0,0.0,0.0,1.1
0.0,2.1,39.6,8.0,23.7,9.6,0.0,0.0,0.0,0.0,0.0,16.5
11.2,0.1,15.0,5.5,0.7,5.8,0.0,0.0,0.0,0.0,0.0,0.6
28.3,9.4,20.2,36.0,0.0,17.6,5.4,0.0,0.0,0.0,0.0,0.0
76.0,16.8,17.4,3.8,0.0,16.9,12.4,0.0,0.0,0.0,0.0,0.0
8.2,0.1,82.6,23.1,4.8,2.0,0.0,0.0,0.0,0.0,0.0,0.0
18.1,0.0,6.1,27.9,14.0,0.0,0.0,0.0,0.0,0.4,0.0,0.0
0.0,3.4,0.0,12.7,0.0,0.0,0.0,0.0,0.0,0.7,0.0,0.8
7.3,0.0,9.5,20.0,3.1,0.8,0.0,0.0,1.3,7.5,0.2,0.0
0.8,0.0,9.6,0.0,2.8,0.0,0.0,0.0,0.0,0.8,0.0,0.0
0.5,0.0,1.0,3.9,16.1,0.0,3.1,0.0,0.0,0.0,0.0,0.0
3.4,0.0,21.4,1.8,14.2,3.4,0.0,2.4,0.0,0.4,0.0,0.0
0.6,3.8,35.1,0.0,19.6,44.0,0.1,0.0,0.0,0.0,0.0,0.0
0.0,0.0,1.8,11.0,18.0,0.4,2.2,0.8,0.0,0.0,0.0,0.5
0.2,0.0,0.0,0.7,2.1,13.5,1.9,9.8,0.0,0.0,0.7,0.0
0.0,0.6,0.0,1.4,0.0,0.0,54.0,0.4,0.0,0.0,0.0,0.0
0.0,6.5,0.0,39.5,0.4,1.3,3.2,3.5,1.7,2.1,3.7,0.0
0.0,0.0,0.0,27.7,0.4,17.4,4.4,0.0,1.0,0.0,0.0,0.0
0.3,0.0,27.6,29.6,4.5,11.3,17.3,0.0,14.4,0.0,0.0,0.0
0.0,0.4,0.0,27.2,1.1,9.1,8.2,0.0,0.0,0.0,0.0,0.0
0.0,0.0,1.1,16.3,3.0,0.5,0.0,0.0,0.0,0.0,0.4,1.2
9.2,0.0,6.1,2.4,1.1,1.9,0.0,0.0,0.0,0.0,0.0,0.0
70.3,4.6,0.4,9.5,0.3,0.0,0.0,0.0,0.0,0.0,0.0,0.0
46.2,0.4,7.8,8.0,0.0,20.8,0.0,0.6,0.0,0.0,0.4,0.0
0.4,6.5,0.0,22.9,13.9,16.6,0.0,14.0,0.0,0.0,1.5,0.0
0.0,2.4,9.4,5.3,0.1,34.5,0.0,40.8,0.0,0.0,1.4,0.0
0.0,4.2,48.2,0.2,0.0,12.2,3.5,0.0,0.0,0.0,0.8,1.7
0.0,0.0,25.1,79.4,1.4,10.2,2.4,0.0,0.0,5.7,1.3,0.0
0.2,0.0,20.7,27.4,21.3,0.0,0.0,0.0,0.0,0.0,0.0,0.4
0.0,2.2,3.2,2.3,12.2,9.3,8.3,0.0,1.7,0.0,0.0,0.0
0.2,10.2,1.6,2.0,18.2,0.2,7.7,11.4,0.3,0.2,0.0,0.2
0.0,12.2,2.5,17.2,0.1,0.4,0.0,0.6,0.2,0.0,0.0,0.0
0.0,0.1,0.0,1.3,0.6,8.2,0.1,0.0,0.0,1.2,0.4,15.6
41.7,0.0,15.9,2.6,6.4,3.4,3.1,0.9,0.5,0.0,0.0,0.5
76.9,8.7,23.2,5.4,9.4,0.0,7.4,0.2,0.0,0.2,0.0,1.2
2.9,1.4,0.8,14.9,8.0,8.3,2.4,0.0,0.0,0.0,0.0,1.6
0.0,1.0,14.0,24.4,0.0,44.2,0.0,0.2,0.0,2.0,0.0,18.3
1.8,0.0,6.5,22.4,3.8,6.0,0.0,0.0,0.0,0.6,0.0,11.4
1.6,0.0,0.0,13.9,1.2,0.0,0.0,0.0,1.0,0.0,0.0,10.2
0.0,0.0,3.2,0.1,14.8,0.0,0.0,0.0,0.3,2.9,0.0,0.0
0.0,0.0,48.0,0.0,1.2,0.0,0.0,0.0,0.0,0.0,0.0,0.4
0.0,0.0,0.4,9.6,68.6,0.0,0.0,0.0,0.0,0.0,0.0,0.0
0.8,0.0,2.4,0.0,10.7,2.8,0.2,0.0,0.0,3.5,0.0,0.0
0.0,0.0,2.1,11.7,2.4,17.1,18.7,0.0,0.0,0.5,0.0,0.0
0.0,0.3,0.0,31.7,16.8,4.3,18.4,0.0,0.0,0.4,0.0,0.0
0.7,1.1,0.0,25.5,1.6,0.0,0.0,0.0,0.0,0.0,0.0,2.5
0.8,2.9,0.0,0.0,0.0,4.4,0.1,1.1,0.0,0.0,1.2,0.7
0.0,0.0,0.3,1.2,1.8,2.4,2.9,0.0,0.0,0.0,0.0,0.0
1.4,0.0,0.0,3.2,0.0,0.0,17.0,0.4,2.9,0.0,1.4,0.0
2.0,0.0,0.0,4.4,1.9,0.0,0.0,0.0,2.4,0.0,0.0,0.0
0.0,0.0,0.0,0.6,0.0,0.2,1.5,0.0,0.2,0.0,0.0,0.0
1.5,0.0,0.0,1.0,0.0,0.0,0.0,0.0,0.4,0.0,0.0,0.0
0.0,0.0,0.0,5.5,8.2,0.0,0.0,0.0,0.2,0.2,0.0,0.0
1.3,0.0,1.8,0.0,0.0,0.0,0.0,1.6,0.0,0.0,0.0,0.0
0.0,0.0,0.0,6.6,24.4,0.0,0.2,6.6,0.0,0.0,0.0,0.0
16.9,0.0,0.0,0.0,36.6,0.0,0.0,0.0,0.0,0.0,0.0,0.0
0.0,0.0,0.0,1.2,0.0,0.0,0.0,0.0,0.0,0.0,0.0,2.4
0.4,0.2,0.0,0.0,0.0,5.2,10.0,2.8,0.0,13.7,14.0,3.4
0.7,0.0,0.7,5.0,4.0,0.2,4.0,0.0,10.4,0.0,0.8,0.2
0.0,0.0,0.2,1.3,5.1,0.0,10.0,0.0,2.3,1.2,0.0,0.4
0.0,1.4,1.2,2.0,1.2,0.0,0.0,0.0,8.3,1.9,0.4,0.5
0.0,0.0,0.2,11.6,6.6,0.0,0.1,0.0,0.0,0.5,0.0,0.0
1.5,0.0,0.0,0.0,0.0,4.7,3.0,0.0,0.0,0.0,0.0,1.1
0.0,9.0,5.7,34.0,1.1,2.5,0.0,1.1,0.4,0.0,1.8,2.0
0.3,54.7,32.3,9.4,0.0,9.0,0.0,0.0,0.2,0.0,0.0,0.0
3.3,16.6,1.3,3.8,0.1,0.0,0.0,0.0,0.0,0.0,0.0,0.0
0.0,9.4,19.2,3.6,1.4,0.0,1.5,0.0,0.0,0.0,0.0,3.4
1.0,4.5,0.0,49.6,1.2,0.5,0.0,0.2,0.0,0.0,0.0,0.0
0.0,29.9,0.3,1.9,3.7,0.0,0.0,0.0,6.4,0.0,0.0,0.0
3.7,0.0,0.0,3.9,2.0,0.0,1.2,0.0,0.0,0.0,0.0,0.0
2.0,0.0,0.3,16.4,3.7,0.0,0.8,0.0,0.6,2.9,0.0,0.0
2.0,0.0,36.0,0.0,2.5,0.0,0.0,0.0,0.0,0.7,0.0,0.0
0.0,21.6,0.8,3.8,2.6,2.0,0.8,1.2,0.0,0.0,0.0,0.0
0.0,3.5,0.0,21.0,28.2,0.6,1.0,0.0,0.0,0.0,0.2,0.0
1.3,3.9,7.2,31.0,15.2,2.5,0.0,0.0,0.0,0.0,0.0,0.0
1.4,35.6,7.2,17.4,12.0,4.6,2.1,0.0,0.0,0.0,0.0,0.0
0.0,0.0,3.0,42.1,8.5,0.2,1.4,0.0,0.0,0.0,0.2,0.0
0.0,26.0,27.6,0.3,1.0,2.4,0.0,0.0,0.0,0.0,0.0,0.0
0.0,4.0,0.0,0.0,0.9,26.2,0.0,0.0,0.0,0.0,0.0,0.0
0.0,15.8,0.0,18.7,0.0,0.3,0.0,0.0,0.0,0.0,0.0,0.0
0.0,23.8,41.2,14.7,1.8,0.0,0.0,0.0,0.0,0.9,0.0,0.0
0.0,0.0,31.4,0.0,0.0,0.0,0.0,0.0,0.0,0.0,0.0,0.0
0.0,0.5,6.2,0.0,0.0,0.0,0.0,0.0,0.0,0.0,0.0,0.0
0.0,0.0,0.1,2.0,23.0,0.0,0.0,0.0,0.0,0.0,1.2,0.0
0.8,0.0,2.8,15.2,5.8,0.0,0.8,0.0,0.7,0.0,0.0,0.0
0.0,0.0,11.3,35.6,0.0,0.0,1.0,0.0,0.0,0.1,0.0,0.0
0.1,0.0,9.2,0.3,6.8,0.0,1.6,0.0,0.0,1.0,0.0,0.0
0.0,89.1,116.6,25.3,9.0,0.0,0.0,0.0,0.0,0.0,0.0,0.0
0.0,2.3,16.5,5.6,1.0,0.5,0.0,0.0,0.0,0.0,0.0,0.0
0.8,2.1,8.6,0.0,0.0,0.0,0.0,4.2,0.0,0.0,0.0,0.0
5.3,4.2,0.0,12.8,0.0,0.0,0.0,6.3,0.0,0.0,0.5,0.0
0.0,0.2,0.0,11.3,8.0,20.4,0.0,0.0,0.0,1.9,0.0,0.0
0.0,15.1,0.0,8.0,7.5,0.0,0.0,0.0,0.0,0.0,0.0,0.0
0.0,0.9,0.0,24.0,0.0,0.3,0.0,0.0,0.0,1.5,0.0,0.0
4.6,0.0,2.2,0.9,1.2,0.0,0.0,0.0,0.0,10.4,0.6,0.0
0.5,0.0,11.9,0.7,0.9,0.2,0.0,0.0,0.0,10.2,0.0,0.0
0.0,0.8,39.0,15.4,48.8,0.0,0.0,0.0,0.0,9.3,0.0,5.0
0.0,0.9,6.4,13.3,21.9,0.0,0.0,3.2,0.4,2.2,0.0,0.0
0.0,1.4,12.4,42.6,10.1,2.1,0.0,0.0,0.0,2.2,0.0,0.0
0.0,0.7,1.0,27.6,0.0,7.2,0.0,0.0,1.0,3.2,0.0,0.0
0.0,0.0,26.8,71.4,0.0,0.0,0.0,0.0,0.1,7.1,0.0,0.0
0.8,0.0,57.2,0.3,1.6,0.0,0.0,0.0,0.0,0.0,0.0,0.0
0.9,0.0,2.8,0.0,0.3,0.0,0.0,0.0,0.0,0.0,0.0,0.0
0.0,0.0,0.0,30.0,0.0,22.8,0.0,0.2,0.0,0.0,0.2,0.0
0.0,1.6,5.2,0.7,0.0,0.8,0.0,0.0,10.0,0.0,0.0,0.0
0.0,0.0,0.0,7.3,6.5,11.4,0.0,0.0,0.0,0.0,0.0,0.3
0.0,0.0,24.7,1.1,26.2,0.5,0.0,0.0,0.0,0.0,0.0,0.5
0.0,0.0,4.4,6.5,16.7,0.9,0.0,1.6,0.0,0.0,0.0,0.0
0.0,0.0,0.2,12.4,8.0,0.3,2.5,0.0,0.0,0.0,0.0,0.0
0.0,10.9,2.8,32.0,0.2,0.0,0.0,0.0,0.0,0.0,0.0,0.0
0.0,0.0,1.9,27.0,4.4,9.6,0.0,0.0,0.0,0.0,0.0,0.0
0.0,0.0,0.7,12.8,0.0,5.9,0.7,3.1,0.0,0.0,0.0,0.0
0.0,0.6,5.8,0.7,0.0,39.3,0.5,7.2,0.0,0.0,1.3,0.0
0.0,0.0,0.0,0.0,0.0,7.0,0.0,1.9,0.0,0.0,0.2,0.0
0.0,11.6,0.0,0.2,0.0,0.0,0.0,3.0,0.0,0.0,0.0,0.0
0.0,53.4,0.4,1.2,0.0,0.0,2.4,3.7,0.0,0.4,0.0,0.0
0.0,0.0,9.5,11.8,10.6,0.0,0.0,2.3,0.0,0.0,0.0,0.0
0.0,3.0,0.4,8.0,2.0,0.0,0.0,0.3,0.0,0.0,0.0,0.7
0.0,12.8,2.1,35.8,0.0,0.0,4.3,1.5,0.0,0.0,1.3,0.0
0.0,3.3,26.0,0.0,0.3,0.0,0.0,2.8,0.0,0.0,0.0,0.0
0.0,54.7,0.0,0.0,2.2,0.0,0.0,0.7,0.3,0.0,0.0,0.0
0.0,31.4,0.0,29.2,0.4,0.0,0.0,0.0,0.0,0.0,0.0,0.4
0.0,21.7,25.8,0.0,0.0,0.0,0.0,0.0,0.0,0.0,0.0,0.0
0.0,19.8,0.7,0.5,0.0,0.0,0.0,0.0,0.0,0.0,0.0,0.0
1.5,1.6,5.7,0.2,0.0,3.8,0.0,0.0,6.1,0.0,0.0,0.0
0.3,15.9,1.9,0.0,0.7,0.0,0.0,0.0,0.0,0.0,0.0,0.0
0.2,0.0,4.3,0.1,0.0,0.4,0.0,0.0,0.7,0.0,0.0,0.0
0.4,0.0,75.6,0.0,0.0,0.3,0.0,0.0,0.5,0.0,0.0,0.0
0.0,39.5,2.9,0.0,0.3,18.6,0.0,0.0,0.0,0.0,0.0,0.0
8.5,24.1,4.4,0.0,6.0,0.0,0.0,0.8,0.0,2.6,0.0,0.0
0.0,0.0,4.0,0.0,1.3,0.0,0.0,0.0,0.0,2.8,0.0,0.0
37.2,0.0,20.8,0.0,0.4,0.0,0.0,1.4,0.0,0.6,0.0,0.0
0.0,0.0,0.2,0.0,3.4,0.0,0.0,0.0,0.0,0.0,0.0,0.0
0.0,0.0,4.8,0.0,0.8,0.0,0.0,0.0,0.0,0.3,0.0,0.0
0.0,0.0,0.0,8.6,46.0,0.0,0.0,11.4,0.0,0.0,0.0,0.0
0.0,0.1,0.0,1.0,3.2,0.0,0.0,4.1,0.0,0.2,0.0,0.0
0.0,0.0,2.6,0.0,4.5,0.0,0.0,0.0,0.3,0.4,0.0,0.0
1.0,0.0,1.8,0.8,1.6,0.0,0.0,0.0,0.0,0.9,0.0,0.0
9.7,0.0,0.3,3.6,3.2,0.0,0.0,0.0,0.0,0.0,0.0,0.0
0.0,0.0,0.1,1.1,0.0,0.0,0.0,0.0,0.0,0.0,0.3,0.0
0.0,0.0,0.0,1.0,0.0,2.1,0.0,0.0,0.0,0.0,0.0,0.0
0.0,0.0,0.1,9.6,0.0,0.0,0.0,0.0,0.0,0.3,0.0,0.0
0.0,0.0,0.0,0.0,0.0,0.0,0.1,0.0,0.0,0.0,10.0,0.0
0.0,0.0,0.0,0.0,0.0,17.4,106.3,0.0,7.8,0.0,0.0,9.8
1.6,0.0,0.6,0.0,0.0,34.5,42.1,1.0,1.8,0.0,0.0,0.1
0.0,0.0,0.3,0.0,0.2,0.0,1.2,2.4,0.0,0.0,0.0,0.0
0.0,0.0,3.4,0.0,0.0,0.1,1.2,0.7,1.5,0.0,0.1,0.0
0.0,4.2,0.8,1.5,0.0,0.2,13.5,2.4,0.2,0.6,0.0,0.0
0.0,0.0,0.7,17.8,0.0,0.0,0.0,3.0,0.2,0.0,1.5,0.0
26.4,0.0,0.0,33.6,0.0,0.0,1.0,0.0,0.0,0.0,0.0,0.7
0.4,0.8,6.5,3.8,5.4,0.0,0.0,0.0,0.0,0.0,0.0,0.0
3.6,0.0,0.7,0.9,0.0,0.0,0.0,5.3,0.0,2.5,0.0,0.0
0.0,0.0,0.2,1.6,7.8,0.0,0.0,0.0,0.0,0.4,0.0,0.0
0.0,0.0,0.8,0.3,26.4,0.0,0.0,1.2,0.0,0.0,0.0,0.0
0.0,0.0,0.0,0.0,19.6,0.0,0.4,0.0,0.0,0.0,0.0,0.0
0.0,0.7,0.0,10.8,9.6,0.0,0.0,0.0,0.0,0.0,0.6,0.0
0.0,5.9,10.4,28.6,3.8,0.0,0.0,0.0,0.0,0.0,0.0,0.0
0.5,0.4,12.0,0.0,0.0,0.0,0.0,0.0,0.0,0.0,0.2,0.0
0.0,94.0,0.6,36.4,0.0,0.0,0.0,0.0,0.3,0.0,0.0,0.0
0.0,0.0,25.2,61.4,0.4,0.0,0.0,0.0,0.0,0.0,0.0,3.0
0.0,1.4,42.8,3.0,0.0,16.4,3.8,0.0,0.0,0.6,0.0,0.0
0.0,0.3,0.7,0.0,0.0,0.0,0.6,0.0,0.0,0.0,0.0,3.0
0.0,0.0,55.6,3.2,0.0,0.0,0.0,0.0,0.0,0.0,0.0,0.0
0.0,0.0,31.0,2.7,0.1,0.2,0.0,0.0,0.0,0.0,0.0,0.0
0.0,0.0,1.4,0.0,0.0,0.0,10.1,0.0,0.0,0.0,0.0,0.0
8.4,0.0,9.2,8.2,0.0,0.0,3.8,0.0,0.0,0.0,0.0,0.4
21.6,0.0,7.7,50.0,33.0,4.6,0.0,0.0,0.0,1.5,0.0,0.0
2.5,0.0,0.3,7.8,0.0,9.0,5.2,0.0,0.0,0.0,0.0,0.0
4.2,0.0,0.6,2.6,3.2,3.0,2.0,0.2,0.4,0.0,0.7,0.0
5.2,0.0,0.5,3.8,0.0,5.4,0.0,0.0,0.4,0.0,0.0,0.0
12.9,21.8,0.0,17.4,0.0,0.0,0.0,1.2,0.4,1.7,0.0,0.0
0.0,8.3,0.0,21.6,0.6,22.5,0.0,0.0,0.0,1.5,0.0,0.0
0.0,3.8,0.0,16.4,13.7,20.3,13.2,0.0,0.0,0.0,0.0,0.0
0.0,6.2,23.3,4.0,35.1,0.0,0.2,0.0,0.3,0.0,0.0,0.1
0.0,24.5,2.4,10.8,16.2,1.2,8.2,2.6,1.4,0.0,0.0,0.0
0.0,55.6,0.0,0.0,3.2,1.6,0.0,0.0,0.0,0.0,0.0,0.0
0.0,27.6,4.4,8.4,7.2,0.0,0.0,0.2,0.0,0.0,0.0,0.0
1.8,15.1,2.6,15.2,16.5,33.2,0.3,0.0,1.5,0.0,0.0,0.0
0.0,3.2,12.5,25.7,12.8,75.4,0.0,0.0,0.0,0.0,1.8,0.0
14.2,12.0,42.8,53.8,30.4,1.1,19.1,0.0,8.2,0.0,0.0,0.0
0.0,6.2,23.2,0.0,57.8,12.2,26.9,0.0,3.0,0.0,0.0,0.0
0.2,4.9,0.8,0.0,5.8,48.0,0.5,0.0,0.0,0.0,0.0,0.0
0.0,6.1,0.2,4.3,0.0,11.0,9.6,1.6,0.0,0.0,0.0,0.0
0.0,0.0,46.0,8.4,10.0,1.2,18.0,5.4,0.0,0.0,0.0,0.0
1.6,0.0,5.6,9.0,21.7,6.3,3.4,0.0,0.0,0.0,0.0,0.0
0.5,1.3,10.3,26.0,22.9,6.0,0.0,0.0,0.0,0.0,0.0,0.0
5.6,1.0,16.8,0.2,7.8,49.9,0.0,0.0,0.0,4.8,0.0,1.8
0.1,0.0,3.8,22.0,8.0,52.6,0.2,0.0,0.0,0.0,0.0,0.0
0.0,0.0,21.6,0.0,6.5,9.6,0.0,0.0,0.0,0.0,0.2,0.6
0.0,7.6,32.9,0.0,0.0,44.2,0.0,3.6,0.0,0.0,0.0,2.8
0.0,6.1,12.4,28.7,1.6,40.4,7.1,0.0,0.0,0.0,0.0,0.6
0.0,1.2,3.6,18.8,0.0,73.6,10.5,0.0,0.0,0.0,0.0,6.7
17.0,39.8,15.1,16.1,2.7,19.3,0.0,0.6,0.4,0.0,1.0,26.8
13.4,0.0,34.3,27.5,0.0,35.0,0.0,0.0,0.0,0.0,0.6,7.0
0.0,0.0,72.1,51.4,9.4,7.0,0.0,0.0,0.0,0.0,0.0,7.3
7.0,0.0,0.0,0.0,0.2,0.0,0.0,0.0,0.0,0.0,0.0,0.6
0.0,0.0,1.9,17.2,13.8,2.3,0.8,0.0,0.0,0.0,0.0,0.0
0.0,0.8,6.7,5.0,17.3,0.0,24.2,0.0,0.0,0.0,0.0,0.0
0.0,3.4,1.9,0.0,16.8,16.6,12.8,0.0,0.0,0.0,0.0,2.8
0.0,15.9,9.0,11.2,1.1,0.6,4.2,0.0,0.0,0.0,0.4,0.0
16.4,14.0,0.0,10.3,0.2,5.0,4.8,0.0,0.0,0.0,6.8,0.0
0.2,0.0,0.0,113.6,1.0,0.0,1.8,0.0,0.0,0.0,8.0,0.0
0.0,1.1,84.2,9.0,17.9,49.0,0.0,0.0,0.0,0.0,5.6,0.0
22.0,0.0,3.8,45.2,6.4,0.8,0.0,0.0,0.0,0.0,0.0,0.0
54.0,5.5,0.0,18.7,0.0,0.0,8.5,0.0,0.0,0.3,0.0,0.0
0.0,35.0,3.2,21.0,0.0,0.0,0.9,0.0,0.0,0.0,0.0,0.0
0.0,20.4,0.0,35.6,0.0,0.0,0.0,0.0,0.0,0.0,3.8,0.0
3.0,12.6,0.4,15.6,0.6,3.7,0.0,0.0,0.0,0.0,2.3,0.0
0.0,0.0,4.6,16.9,8.5,0.0,0.0,0.0,0.5,0.0,0.2,0.0
3.5,1.7,3.6,11.2,2.3,0.5,0.0,0.0,0.6,6.8,0.0,0.0
0.0,0.0,7.2,35.4,0.0,0.0,0.0,0.0,0.0,0.2,0.0,0.0
0.6,0.0,14.1,22.1,26.8,17.7,0.2,0.0,0.0,0.0,0.0,0.0
0.0,6.4,0.0,20.4,28.3,1.4,4.8,0.0,0.0,0.0,0.0,0.0
2.8,1.5,8.2,17.4,30.0,0.0,0.0,0.0,0.0,0.0,1.5,0.0
0.0,8.8,0.2,19.5,11.0,0.0,0.0,0.0,0.0,1.0,0.0,0.0
0.0,64.2,22.8,23.4,0.0,0.6,0.0,0.0,0.0,0.0,0.0,0.0
0.6,7.5,0.8,22.8,17.7,4.8,0.0,0.0,0.0,0.0,0.0,0.0
0.0,0.0,0.0,10.4,35.8,44.6,0.0,0.0,0.0,0.0,0.2,0.0
0.0,0.0,0.0,36.4,0.0,0.0,2.4,0.0,0.0,0.0,4.6,0.0
0.0,0.0,33.4,3.0,0.0,1.8,10.2,0.0,0.0,0.0,2.4,0.0
0.0,2.3,17.0,1.0,2.8,0.0,2.2,0.0,0.0,0.0,0.0,0.0
0.8,23.9,105.0,13.8,0.0,1.8,0.0,0.0,0.0,5.0,0.0,0.4
0.4,1.4,0.0,56.0,0.2,3.8,2.8,0.0,0.0,0.0,0.0,0.0
0.0,20.4,15.4,3.0,13.5,0.0,2.8,0.0,0.0,0.0,0.0,0.0
10.5,0.0,11.2,14.8,6.0,1.8,0.0,0.0,0.0,0.0,0.0,0.0
0.0,0.0,115.6,22.7,19.8,0.0,0.0,0.0,0.0,3.4,1.0,0.8
0.0,0.0,7.3,0.0,72.0,0.0,3.2,0.0,0.0,0.0,0.0,0.0
1.1,7.8,0.2,32.8,6.8,2.7,0.0,0.0,0.0,0.0,0.0,0.0
0.0,0.0,1.3,8.1,0.2,13.1,0.0,0.0,0.0,0.0,2.4,0.0
0.0,0.2,17.6,38.6,6.2,7.4,0.0,32.0,0.0,0.0,0.0,1.0
0.0,0.0,14.8,81.8,58.1,0.0,0.0,2.6,0.0,0.0,0.0,0.0
13.4,0.0,16.2,6.9,0.0,0.0,0.0,8.8,0.0,0.0,0.0,1.0
20.8,0.2,14.6,0.8,2.7,0.0,0.0,0.0,0.0,0.0,0.0,0.0
0.0,0.6,6.2,0.0,2.4,3.6,0.0,0.0,0.0,0.0,1.4,0.0
2.5,0.8,3.2,14.6,0.0,0.4,0.0,0.0,0.0,0.1,0.0,0.0
0.5,0.0,1.0,9.3,1.6,0.0,0.0,1.4,0.6,1.9,0.0,0.0
0.0,0.0,0.6,44.0,5.3,0.0,0.0,0.3,0.0,0.0,0.1,0.0
0.0,0.0,109.4,20.5,0.0,0.0,0.0,0.0,0.0,0.0,0.0,0.0
0.0,0.0,77.6,0.8,0.0,0.0,0.0,0.0,0.0,1.2,0.0,0.0
0.6,2.5,0.0,27.4,0.0,0.5,7.5,0.0,1.6,3.6,0.0,0.0
4.0,27.0,14.8,40.8,16.6,0.0,0.0,0.0,0.0,0.0,0.0,0.0
2.4,1.6,0.0,22.8,9.8,0.0,5.0,0.0,0.0,0.0,0.0,0.0
0.0,1.4,18.0,4.2,11.3,0.0,0.0,0.0,0.0,0.0,2.5,0.0
12.6,11.2,23.2,16.7,2.8,0.0,0.0,0.0,1.2,0.0,0.0,4.4
3.8,0.2,42.0,0.0,13.8,0.0,7.4,16.4,0.0,0.0,0.0,0.0
1.3,27.8,12.4,9.2,2.6,0.0,0.0,2.9,0.8,4.2,0.0,0.0
0.0,14.7,12.4,3.0,0.4,0.0,7.2,0.0,0.0,0.2,0.0,0.0
0.0,0.0,0.6,1.0,1.9,0.0,0.0,0.0,0.0,0.0,0.0,0.0
29.1,0.0,0.0,0.0,4.2,1.2,0.1,0.0,0.0,0.0,0.0,0.0
0.6,0.0,0.0,1.2,0.0,6.2,0.4,0.0,1.0,0.3,0.0,0.0
0.2,38.2,0.0,4.8,7.2,0.0,0.0,0.0,1.6,0.0,0.0,1.2
0.0,9.0,0.0,0.0,21.2,3.0,0.0,0.0,0.0,0.5,0.0,0.0
0.7,65.5,5.6,28.5,3.0,0.0,0.0,0.0,0.0,0.0,0.0,0.0
0.0,0.0,55.7,5.1,44.0,3.1,0.0,0.0,0.0,0.0,0.0,0.0
0.0,10.7,46.8,1.4,0.0,4.2,0.0,1.2,0.4,0.0,0.0,4.0
0.0,0.0,0.0,1.2,3.4,0.0,0.0,0.3,0.0,0.0,0.0,5.2
0.0,0.0,19.0,23.6,10.8,0.0,0.0,0.0,0.0,0.0,0.0,0.3
4.6,0.0,5.0,0.0,4.6,0.0,0.0,0.0,0.0,0.0,0.0,0.8
0.0,0.0,0.3,0.0,6.0,0.0,4.6,6.6,0.0,0.0,0.0,0.0
1.3,3.0,0.0,7.8,20.2,0.8,0.0,3.8,0.0,0.0,0.0,0.0
0.0,0.0,0.2,2.6,4.6,0.6,0.0,0.0,0.0,0.0,0.0,0.0
0.0,8.0,19.8,41.4,28.0,0.0,2.8,0.0,0.0,0.0,0.0,0.0
0.3,0.6,0.0,23.5,6.5,0.0,0.2,0.0,0.0,0.0,0.0,0.0
0.0,0.0,3.5,2.6,14.8,0.0,0.0,0.0,0.0,0.0,0.0,0.0
0.0,1.6,0.0,14.2,6.4,0.0,0.0,0.0,0.0,0.0,0.0,0.0
0.0,0.2,0.0,23.4,4.9,0.8,0.0,0.0,0.0,0.0,0.0,0.0
0.0,0.4,1.0,0.0,0.5,0.0,0.0,0.0,0.0,0.0,0.0,0.0
0.0,5.8,0.2,10.5,1.0,0.0,2.6,0.0,0.0,0.0,0.0,0.0
0.0,2.5,0.0,34.2,20.2,0.0,0.0,0.0,0.0,0.0,0.0,0.0
0.6,0.0,0.2,2.0,2.2,0.0,0.0,1.4,0.0,0.0,0.0,0.0
0.0,0.0,0.0,19.6,23.0,0.0,0.0,0.3,0.0,0.0,0.0,0.0
0.0,1.2,0.4,41.4,0.0,0.0,0.0,0.0,0.0,0.0,0.0,0.0
0.0,3.9,0.2,18.4,25.8,0.0,0.0,0.0,0.0,0.0,0.0,0.0
0.0,0.0,0.0,0.0,6.1,0.0,0.0,0.0,0.0,0.0,0.0,0.0
0.0,0.0,0.0,0.0,1.0,1.4,0.0,4.0,0.0,0.0,3.8,0.0
0.0,4.4,0.0,0.0,0.3,0.3,0.0,0.4,0.0,0.0,33.0,0.0
0.0,3.0,0.0,0.0,43.2,0.0,0.0,0.0,0.0,0.0,0.0,0.0
3.5,0.0,0.0,0.0,0.4,0.0,0.0,0.0,0.0,0.0,0.0,4.8
0.0,0.0,0.0,0.5,0.1,1.0,2.8,0.0,0.0,0.0,0.8,20.0
0.8,13.4,1.2,2.2,3.1,0.0,0.0,0.0,0.0,0.0,0.0,0.3
0.0,0.8,8.6,1.2,0.4,0.0,0.0,0.0,0.0,0.0,0.0,0.0
0.0,0.0,0.0,162.0,6.8,0.1,0.0,0.0,0.0,0.0,0.0,9.0
0.0,0.0,20.9,108.9,11.4,0.0,0.0,0.0,0.0,0.0,0.0,0.0
0.0,0.0,94.4,3.7,3.4,0.0,0.0,0.0,0.0,0.0,0.0,0.0
0.0,0.0,2.3,7.2,0.2,0.0,0.0,0.0,0.0,0.0,0.0,0.0
0.1,0.0,0.2,1.2,0.0,0.2,0.0,0.0,0.0,0.0,0.0,0.0
0.6,0.0,36.2,5.6,0.8,0.0,0.0,0.0,0.0,0.0,0.0,0.0
0.4,0.0,0.0,6.1,0.0,7.2,1.2,0.0,0.0,0.0,0.0,0.0
0.0,0.0,0.0,0.0,0.0,0.0,1.0,0.0,0.0,0.0,0.0,0.0
0.0,1.6,2.2,4.0,0.0,0.0,0.0,0.0,0.0,0.0,0.0,0.0
1.6,1.8,0.9,0.0,0.0,0.0,0.0,0.0,1.9,0.0,0.0,0.0
0.8,21.0,8.8,12.8,6.0,0.0,0.0,0.0,0.0,3.0,0.0,0.0
0.5,31.8,3.4,5.4,3.2,0.0,0.0,0.0,0.0,0.0,0.0,0.0
0.0,2.6,2.4,0.0,0.0,1.2,0.0,0.0,2.6,0.0,0.0,0.0
0.0,0.0,0.8,0.0,0.0,0.0,0.0,0.0,0.0,0.0,0.0,0.0
0.0,0.5,0.2,0.0,6.2,0.0,0.0,0.0,0.0,0.0,0.0,0.0
0.0,0.5,10.2,0.0,17.0,0.0,0.0,0.0,0.0,3.0,0.0,0.0
0.0,0.0,14.2,7.8,33.2,0.0,0.0,0.0,0.0,0.0,0.0,0.0
2.0,0.0,55.0,0.0,0.0,0.9,0.0,0.0,0.0,0.0,0.0,0.0
38.2,0.0,8.4,0.0,13.0,0.0,0.0,0.0,0.0,0.0,0.0,0.0
0.0,0.0,1.4,0.0,0.0,0.0,0.0,0.0,0.0,0.0,0.0,0.0
0.0,0.0,10.6,15.6,0.0,9.8,0.0,1.2,0.0,0.0,0.0,0.0
9.2,0.0,0.0,19.0,0.0,2.5,0.0,5.6,0.0,0.0,0.0,0.0
1.0,3.8,0.0,0.0,0.0,0.0,0.0,0.2,0.9,0.0,0.0,1.8
1.0,0.0,3.4,0.0,1.5,17.4,0.0,2.4,0.0,0.0,0.0,0.4
3.2,0.0,7.0,31.4,0.0,0.0,0.0,0.0,0.0,0.0,0.0,1.6
0.0,10.0,0.5,0.0,0.0,10.0,0.0,0.0,0.0,0.0,0.0,0.2
3.8,3.0,13.6,6.8,6.3,0.0,2.0,0.0,0.0,0.0,0.0,0.0
1.0,0.0,0.0,0.0,0.0,14.6,2.0,0.0,0.0,0.0,0.0,0.0
35.2,0.0,10.0,0.0,0.0,4.0,0.0,0.0,0.0,0.0,3.6,0.0
7.8,0.0,41.1,0.0,3.3,0.0,0.0,0.0,0.0,0.0,0.0,0.0
0.6,0.0,80.6,0.0,7.1,0.0,0.0,0.0,0.0,0.0,0.0,0.0
0.0,0.5,10.2,2.0,0.0,0.0,0.0,0.0,0.0,0.0,0.0,0.0
11.0,0.0,0.0,2.5,0.0,5.8,0.0,10.0,0.0,0.0,0.0,0.0
1.2,0.0,2.4,2.6,0.0,0.4,0.0,0.0,0.0,0.0,0.2,0.0
4.4,0.3,0.0,3.0,0.0,0.0,0.0,0.0,0.0,2.4,0.0,8.0
25.0,6.8,5.0,16.8,5.4,0.0,0.0,0.0,0.0,0.0,0.0,0.0
11.4,0.0,16.0,15.2,1.2,0.0,0.0,0.0,0.0,0.0,0.0,3.1
21.8,0.0,0.0,6.2,0.0,0.0,0.0,0.7,0.0,4.4,0.0,9.6
2.6,0.0,34.0,0.0,0.0,0.0,10.7,0.0,0.0,0.0,0.0,0.0
0.0,0.0,0.0,2.6,74.2,1.0,0.0,0.0,0.8,0.6,0.0,0.0
0.0,0.0,35.2,0.0,6.8,0.0,0.0,0.0,0.0,0.0,0.0,0.0
0.0,0.0,5.2,0.0,0.0,0.0,0.0,0.0,0.0,0.0,1.4,0.5
0.0,6.6,7.0,0.0,5.0,3.2,0.0,0.0,0.0,4.8,0.0,10.5
0.0,3.6,0.3,18.9,17.0,5.2,0.0,0.0,0.0,0.0,0.0,0.0
0.0,3.2,0.5,20.0,30.9,0.0,0.4,0.0,0.0,0.0,0.0,0.0
0.0,0.5,0.0,0.0,23.4,0.0,3.0,0.0,0.0,0.0,0.0,0.4
0.0,0.0,16.5,0.0,33.8,0.0,0.6,0.0,0.0,0.0,0.4,0.0
7.8,0.0,2.8,0.0,0.0,0.0,0.0,0.0,0.0,1.1,0.0,1.6
0.0,2.1,0.0,0.0,47.1,0.0,0.0,0.0,0.0,0.0,0.0,0.0
0.0,0.0,1.8,4.8,20.6,5.4,0.0,0.0,0.0,0.0,0.0,0.0
0.0,0.0,6.0,1.6,12.0,0.0,0.0,0.0,0.0,0.1,0.0,0.5
0.0,2.0,13.8,1.2,0.0,0.0,0.0,0.0,34.2,2.0,0.0,1.9
0.0,0.0,14.0,11.8,0.6,0.0,0.0,0.0,9.2,0.0,0.0,0.0
0.0,0.0,2.8,23.3,24.4,0.0,0.0,0.0,0.4,0.0,0.0,0.0
0.0,0.0,1.0,9.0,11.4,0.0,0.0,0.0,0.8,0.0,0.0,0.0
0.0,0.0,2.4,0.0,41.1,0.0,0.0,0.0,0.0,0.0,0.0,0.0
0.0,10.2,4.6,0.0,14.3,0.0,0.0,0.0,0.0,0.0,0.0,0.0
12.2,0.0,48.0,0.0,0.0,0.0,0.0,0.0,0.0,0.0,0.0,0.0
0.0,0.0,4.6,0.0,5.0,4.0,0.0,0.0,0.0,0.0,0.0,0.0
0.0,0.0,0.6,0.0,0.0,0.0,0.0,0.0,0.0,0.6,0.0,0.0
16.8,9.8,0.0,23.9,13.2,0.0,0.0,0.0,0.0,0.0,0.0,26.2
0.0,20.9,11.8,8.0,14.2,0.0,0.0,0.2,0.8,0.0,0.0,2.8
0.0,48.5,38.4,43.0,6.4,0.0,0.0,0.0,0.0,0.0,0.0,3.8
4.8,31.8,0.4,3.8,0.0,3.4,0.0,0.0,0.8,0.0,0.0,0.0
3.6,1.2,6.0,8.8,0.0,12.3,0.1,0.0,1.8,0.0,0.3,0.0
0.0,14.1,13.8,44.2,0.4,0.0,0.0,0.0,0.0,0.3,0.0,0.0
0.0,2.1,0.0,59.8,0.4,0.0,0.6,0.0,0.0,0.0,0.0,4.8
0.0,0.0,2.2,13.2,1.4,0.0,0.0,0.0,0.0,0.0,0.0,0.0
1.4,0.0,8.8,25.8,0.0,0.0,0.1,6.9,0.0,0.0,0.0,1.5
1.0,0.0,0.0,0.0,0.0,0.0,0.0,0.0,0.0,0.0,0.0,5.3
0.0,0.0,7.9,17.4,3.4,11.3,1.5,8.1,0.0,0.0,0.0,0.0
0.9,0.0,2.2,6.5,9.0,0.0,2.4,50.2,0.0,0.0,0.0,0.0
8.2,0.0,0.6,9.4,8.4,0.0,0.1,15.2,0.0,0.0,0.0,0.0
39.6,0.0,0.0,0.0,0.0,0.0,0.0,0.0,0.0,0.0,0.0,0.0
19.8,0.0,0.0,17.6,44.5,0.0,0.0,0.0,0.0,0.0,0.0,0.0
19.6,0.0,0.0,10.1,22.6,0.0,0.0,3.2,0.0,0.0,0.0,0.0
13.6,0.0,0.0,14.9,0.0,0.0,0.0,22.8,0.0,0.0,0.0,0.0
0.0,0.0,0.0,17.2,0.1,0.0,0.0,5.8,2.2,0.0,0.0,0.0
13.2,0.0,5.5,10.0,0.0,0.0,0.0,11.2,11.2,0.0,0.0,0.0
19.4,0.0,21.8,5.1,1.7,0.0,4.3,1.8,37.3,0.0,0.0,0.0
6.2,0.0,23.9,6.7,0.0,0.0,12.2,0.0,7.3,0.0,0.0,0.0
0.0,0.0,11.3,0.2,0.0,0.1,46.3,0.0,9.8,0.0,0.0,0.0
0.0,0.0,0.8,9.0,0.0,0.0,86.0,0.0,25.3,0.0,0.0,0.5
1.7,0.0,1.4,43.0,16.6,5.5,0.0,0.0,0.0,0.0,0.0,0.0
0.0,4.4,4.0,26.7,5.3,14.9,3.0,0.0,8.4,0.0,0.0,6.2
0.0,0.0,0.0,0.0,0.0,7.5,0.0,0.0,12.2,0.0,0.0,0.0
9.7,31.6,0.0,0.0,10.5,22.8,0.0,0.0,3.0,0.0,0.0,0.0
34.7,24.5,17.5,0.0,0.9,0.0,3.4,0.0,0.0,0.0,0.0,0.0
0.0,0.0,13.8,17.7,0.1,0.0,0.0,0.0,2.2,0.0,0.0,0.0
0.0,8.1,0.0,6.7,0.0,9.8,0.0,0.0,0.0,0.0,0.0,0.0
0.4,4.5,3.9,18.0,0.0,0.0,10.2,0.0,0.0,0.0,0.0,0.0
1.2,0.0,0.0,9.7,0.0,0.7,3.2,0.0,0.0,0.0,0.0,0.0
0.7,11.9,3.9,0.0,0.0,0.0,0.0,0.0,0.0,0.0,0.0,0.0
0.0,4.8,23.7,17.3,3.3,0.0,0.0,0.8,6.8,0.0,0.0,0.0
0.0,7.9,13.3,5.3,0.0,0.0,0.0,10.9,20.8,0.0,0.0,0.0
0.0,0.0,2.0,1.7,0.0,0.0,2.2,0.0,12.8,0.0,6.2,0.0
0.0,10.2,8.3,6.4,0.0,3.0,5.2,0.0,4.2,0.0,0.0,0.0
0.0,6.2,34.5,5.3,0.0,0.6,24.2,0.0,2.2,0.0,0.0,0.0
0.0,1.8,45.1,33.4,0.0,0.0,0.0,0.0,0.0,0.0,0.0,0.0
0.0,0.0,8.7,36.5,15.3,1.3,0.0,0.0,0.0,0.0,0.0,0.0
0.0,0.0,20.0,0.0,10.5,0.0,0.0,0.0,0.0,0.0,0.0,0.0
0.0,0.0,11.2,34.0,0.0,0.0,39.8,0.0,0.0,0.0,0.0,0.0
0.0,12.1,0.0,11.2,0.0,23.8,0.0,0.0,0.0,0.0,0.0,0.0
0.0,0.0,0.0,20.3,0.0,0.0,0.0,0.0,0.0,0.0,0.0,0.0
7.2,0.0,0.0,35.4,0.0,22.8,11.4,0.0,0.0,0.0,0.0,0.0
0.0,0.0,5.2,17.2,0.0,87.0,0.0,0.0,0.0,0.0,0.0,0.0
0.0,0.0,0.0,0.0,0.0,0.0,0.0,0.0,0.0,0.0,0.0,0.0
7.3,0.0,0.0,62.4,0.0,14.0,0.0,0.0,0.0,0.0,0.0,0.0
41.0,0.0,1.3,14.0,0.0,0.0,0.0,0.0,0.0,0.0,0.0,0.0
0.0,0.0,0.0,16.9,0.0,15.1,0.0,0.0,0.0,0.0,0.0,7.1
6.2,0.0,2.4,36.8,0.0,0.0,0.0,0.0,0.0,0.0,0.0,0.0
0.0,1.8,0.0,124.2,0.0,0.0,0.0,0.0,0.0,0.0,0.0,0.0
0.0,6.9,22.2,0.0,0.0,5.1,0.0,0.0,0.0,0.0,0.0,0.0
33.4,6.2,33.0,0.0,0.0,0.0,6.8,0.0,0.0,0.0,0.0,0.0
0.0,0.0,0.0,51.2,0.0,0.0,0.0,0.0,0.0,0.0,0.0,8.8
0.0,0.0,13.8,27.8,0.0,0.0,0.0,0.0,0.0,0.0,0.0,0.0
5.4,0.0,0.0,15.4,0.0,0.0,0.0,0.0,0.0,0.0,0.0,3.4
0.0,0.0,0.0,3.4,0.0,0.0,0.0,0.0,0.0,0.0,0.0,22.2
0.0,0.0,0.0,3.1,0.0,0.0,0.0,0.0,0.0,0.0,0.0,0.0
0.0,0.0,0.0,46.1,0.0,0.0,0.0,0.0,0.0,0.0,0.0,0.0
0.0,0.0,14.0,102.4,0.0,0.0,0.0,0.0,0.0,0.0,0.0,0.0
0.0,5.2,0.0,28.0,0.0,0.0,19.2,0.0,0.0,0.0,0.0,0.0
10.4,0.0,9.2,36.6,7.2,0.0,0.0,0.0,0.0,0.0,0.0,0.0
0.0,4.2,1.2,2.1,0.0,21.1,0.0,0.0,0.0,0.0,0.0,0.0
0.0,0.0,0.0,0.0,6.3,0.0,0.0,0.0,0.0,0.0,0.0,0.0
0.0,1.2,16.2,6.2,28.2,0.0,0.0,0.0,0.0,0.0,0.0,0.0
0.0,8.2,3.2,0.0,15.3,0.0,0.0,0.0,0.0,0.0,8.2,0.0
0.0,1.8,0.0,7.0,0.0,0.0,0.0,0.0,0.0,0.0,5.8,0.0
0.0,0.0,14.1,40.4,0.0,0.0,0.0,0.0,0.0,0.0,0.0,0.0
0.0,0.0,43.0,28.3,0.0,0.0,0.0,0.0,0.0,0.0,0.0,0.0
0.0,0.0,4.0,47.1,4.8,0.0,0.0,0.0,0.0,0.0,0.0,1.1
0.0,0.0,0.0,0.0,0.0,0.0,0.0,0.0,0.0,0.0,0.0,0.0
